,minimum,maximum,773differernce
ALAR,0.10237797004312041,0.10237797004429187,1.1714657022210417e-12
ALATA_L,0.5243173971948506,0.6976149895034661,0.17329759230861552
ASNN,0.0,0.0,0.0
ASNS1,0.0,0.0,0.0
ASNS2,0.12267178554632789,0.12267178555785145,1.1523559884096812e-11
ASPT,0.0,0.0,0.0
ASPTA,0.0,0.0,0.0
DAAD,0.0,0.0,0.0
VPAMT,0.0,0.17329759230804279,0.17329759230804279
2METS,0.0,0.0,0.0
ACHMSC,0.0,0.04808103220910885,0.04808103220910885
ACNML,0.0,0.0,0.0
ADNUC,0.0,0.0,0.0
AGDC,0.0,0.0,0.0
ALCD19,0.0,0.0,0.0
ALDD19x,0.0,0.0,0.0
ALDD2x,0.0,0.0,0.0
AMALT1,0.0,0.0,0.0
AMALT2,0.0,0.0,0.0
AMALT3,0.0,0.0,0.0
AMALT4,0.0,0.0,0.0
AMANAPEr,0.0,0.0,0.0
APG,0.01790946427128211,0.01790946427128211,0.0
ARAI,0.0,0.0,0.0
BETALDHx,0.0,0.0,0.0
BETALDHy,0.0,0.0,0.0
CBMKr,0.20148419961039563,0.20148419961010375,-2.9187763317395365e-13
DHACOAH,0.0,0.0,0.0
DHAPT,0.0,0.0,0.0
DHPTDNRN,0.0,0.0,0.0
DRPA,0.0,0.0,0.0
FFSD,0.0,0.0,0.0
FRUK,0.0,0.0,0.0
G3PD2,0.0,0.0,0.0
G3PT,0.0,0.0,0.0
G6PDA,0.0,0.0,0.0
GLCATr,0.0,0.0,0.0
GLCRD,0.0,0.0,0.0
GLYCDx,0.0,0.0,0.0
GLYK,0.00010996843001693889,0.00010996844332978147,1.3312842581797435e-11
GNK,0.0,0.0,0.0
GUI1,0.0,0.0,0.0
HCO3E,0.0,3.79297306932732,3.79297306932732
HEX7,0.0,0.0,0.0
HPYRI,0.0,0.0,0.0
HSST_2,0.0,0.048081032208990356,0.048081032208990356
HXCT,0.0,0.0,0.0
MALGT,0.0,0.0,0.0
MALTATr,0.0,0.0,0.0
MAN1PG,0.0,0.0,0.0
MAN6PI,0.0,0.0,0.0
MCITL2,0.0,0.0,0.0
MM_COA_ADD5,0.0,0.0,0.0
MMM2,0.0,0.0,0.0
MSDH,0.0,0.0,0.0
PFK_2,0.0,0.0,0.0
PGLYCP,0.0,0.0,0.0
PGMT,0.0,0.0,0.0
PMANM,0.0,0.0,0.0
PPASUCC,0.0,0.0,0.0
RBK,0.09275833937344445,0.0927583393794974,6.052949808044161e-12
SUCptsp,0.0,0.0,0.0
TRE6p,0.0,0.02758993924148271,0.02758993924148271
TRE6PP,0.009803277455941076,0.00980327746739389,1.1452814391299526e-11
TRE6PS,0.009803277455941076,0.03739321669750792,0.027589939241566844
UACGAMPpp,0.0,0.0,0.0
UDPARA,0.37884675643401666,0.37884675643401666,0.0
UDPG4E,0.04057360784886765,0.04057360784930074,4.3309106301236966e-13
UDPGALPpp,0.0,0.0,0.0
UDPGPpp,0.0,0.0,0.0
UGLCURPpp,0.0,0.0,0.0
XYLI1,0.0,0.0,0.0
XYLI2,0.0,0.0,0.0
XYLK,0.0,0.0,0.0
GALKr,0.0,0.0,0.0
M1PD,0.0,0.0,0.0
MAN2D,0.0,0.0,0.0
MCITD,0.0,0.0,0.0
HDPA1,0.0,0.0,0.0
HDPA2,0.0,0.0,0.0
ICL,0.0,0.0,0.0
MALS,0.0,0.0,0.0
ME1,0.0,0.0,0.0
ME2,0.0,0.0,0.0
PPA,0.0,0.0,0.0
PPA2,0.0,0.0,0.0
PPC,0.0,2.903770486036393,2.903770486036393
PPCK,0.0,0.0,0.0
ABTA,0.0,0.0,0.0
ACGK,0.12029211342338422,0.12029211342388395,4.997252611715908e-13
ACGS,0.0,0.0,0.0
ACODA,0.0,0.0,0.0
ACOTA,0.0,0.0,0.0
AGPR,0.0,0.0,0.0
AMPTASEPG,0.0,0.0,0.0
ARGSL,0.12029211342338422,0.12029211342383005,4.458239333260394e-13
CBPS,0.0,0.0,0.0
CSND,0.0,0.0,0.0
G5SADs,0.1009299518089866,0.10092995181808155,9.094947017729282e-12
G5SD,0.1009299518089866,0.10092995181808155,9.094947017729282e-12
GLU5K,0.1009299518089866,0.10092995181808155,9.094947017729282e-12
GLUNATF,0.12029211342533255,0.12029211342388395,-1.4486051247430964e-12
OCBT,0.12029211342338422,0.12029211342383005,4.458239333260394e-13
ORNC,0.0,0.0,0.0
P5CD,0.0,0.0,0.0
P5CR,0.1009299518089866,0.10092995180948089,4.942851683509275e-13
PROD2,0.0,0.0,0.0
SPMDAT1,0.0,0.0,0.0
SPMDAT2,0.0,0.0,0.0
SPMS,0.0,0.0,0.0
SSALy,0.0,0.0,0.0
UREAAH,0.0,0.0,0.0
ARGSS,0.12029211342338422,0.12029211342383005,4.458239333260394e-13
CG_biomass_cgl_ATCC13032,0.5780205250323497,0.5780205250323497,0.0
BAMPN,0.0,0.0,0.0
BIOTIN_t,0.0,0.0,0.0
BTNAMP,0.0,0.0,0.0
3HAD100,0.26729021547168447,0.26729021547177956,9.509060205914466e-14
3HAD120,0.1210422499093046,0.12104224990930446,-1.3877787807814457e-16
3HAD121,0.14624796556237987,0.1462479655624751,9.52293799372228e-14
3HAD140,0.1210422499093046,0.12104224990930446,-1.3877787807814457e-16
3HAD141,0.14624796556237987,0.1462479655624751,9.52293799372228e-14
3HAD160,0.11929187149910808,0.11929187149910794,-1.3877787807814457e-16
3HAD161,0.14306895033693426,0.1430689503370295,9.52293799372228e-14
3HAD180,0.0024458296386135336,0.002445829638613367,-1.6653345369377348e-16
3HAD181,0.14018320934622144,0.14018320934631667,9.52293799372228e-14
3HAD40,0.26729021547168447,0.26729021547177956,9.509060205914466e-14
3HAD60,0.26729021547168447,0.26729021547177956,9.509060205914466e-14
3HAD80,0.26729021547168447,0.26729021547177956,9.509060205914466e-14
3OAR100,0.26729021547168447,0.26729021547177956,9.509060205914466e-14
3OAR120,0.1210422499093046,0.12104224990930446,-1.3877787807814457e-16
3OAR140,0.1210422499093046,0.12104224990930446,-1.3877787807814457e-16
3OAR160,0.11929187149910808,0.11929187149910794,-1.3877787807814457e-16
3OAR180,0.0024458296386135336,0.002445829638613367,-1.6653345369377348e-16
3OAR40,0.26729021547168447,0.26729021547177956,9.509060205914466e-14
3OAR60,0.26729021547168447,0.26729021547177956,9.509060205914466e-14
3OAR80,0.26729021547168447,0.26729021547177956,9.509060205914466e-14
3OAS100,0.26729021547168447,0.26729021547177956,9.509060205914466e-14
3OAS120,0.1210422499093046,0.12104224990930446,-1.3877787807814457e-16
3OAS121,0.14624796556237987,0.1462479655624751,9.52293799372228e-14
3OAS140,0.1210422499093046,0.12104224990930446,-1.3877787807814457e-16
3OAS141,0.14624796556237987,0.1462479655624751,9.52293799372228e-14
3OAS160,0.11929187149910808,0.11929187149910794,-1.3877787807814457e-16
3OAS161,0.14306895033693426,0.1430689503370295,9.52293799372228e-14
3OAS180,0.0024458296386135336,0.002445829638613367,-1.6653345369377348e-16
3OAS181,0.14018320934622144,0.14018320934631667,9.52293799372228e-14
3OAS60,0.26729021547168447,0.26729021547177956,9.509060205914466e-14
3OAS80,0.26729021547168447,0.26729021547177956,9.509060205914466e-14
AACPS1,0.0,0.0,0.0
AACPS2,0.0,0.0,0.0
AACPS3,0.0,0.0,0.0
AACPS4,0.0,0.0,0.0
AACPS5,0.0,0.0,0.0
AACPS6,0.0,0.0,0.0
AACPS7,0.0,0.0,0.0
AACPS8,0.0,0.0,0.0
AACPS9,0.0,0.0,0.0
ALAALAr,0.051188985021560204,0.0511889850220339,4.736974701380348e-13
CDPDAG,0.019590419399100997,0.019590419399100997,0.0
CLPN,0.0001099684298578912,0.0001099684298578912,0.0
EAR100x,0.1210422499170979,0.12104224990930446,-7.793446443749019e-12
EAR100y,0.0,0.0,0.0
EAR120x,0.1210422499170979,0.12104224990930446,-7.793446443749019e-12
EAR120y,0.0,0.0,0.0
EAR121x,0.1462479655701732,0.1462479655624751,-7.698092163721526e-12
EAR121y,0.0,0.0,0.0
EAR140x,0.12104224991709789,0.12104224990930446,-7.793432565961211e-12
EAR140y,0.0,0.0,0.0
EAR141x,0.1462479655701732,0.1462479655624751,-7.698092163721526e-12
EAR141y,0.0,0.0,0.0
EAR160x,0.11929187150690139,0.11929187149910794,-7.793446443749019e-12
EAR160y,0.0,0.0,0.0
EAR161x,0.14306895034472755,0.1430689503370295,-7.69806440814591e-12
EAR161y,0.0,0.0,0.0
EAR180x,0.002445829646406923,0.0024458296386135865,-7.793336288808295e-12
EAR180y,0.0,0.0,0.0
EAR181x,0.14018320935401477,0.14018320934631667,-7.698092163721526e-12
EAR181y,0.0,0.0,0.0
EAR40x,0.26729021547947773,0.26729021547177956,-7.698175430448373e-12
EAR40y,0.0,0.0,0.0
EAR60x,0.26729021547947773,0.26729021547177956,-7.698175430448373e-12
EAR60y,0.0,0.0,0.0
EAR80x,0.26729021547947773,0.26729021547177956,-7.698175430448373e-12
EAR80y,0.0,0.0,0.0
FA100ACPHi,0.0,0.0,0.0
FA120ACPHi,0.0,0.0,0.0
FA140ACPHi,0.0,0.0,0.0
FA141ACPHi,0.0,0.0,0.0
FA160ACPHi,0.0,0.0,0.0
FA161ACPHi,0.0,0.0,0.0
FA80ACPHi,0.0,0.0,0.0
FACOAL100t2pp,0.0,0.0,0.0
FACOAL120t2pp,0.0,0.0,0.0
FACOAL140t2pp,0.0,0.0,0.0
FACOAL141t2pp,0.0,0.0,0.0
FACOAL160t2pp,0.0,0.0,0.0
FACOAL161t2pp,0.0,0.0,0.0
FACOAL180t2pp,0.0,0.0,0.0
FACOAL181t2pp,0.0,0.0,0.0
FACOAL60t2pp,0.0,0.0,0.0
FACOAL80t2pp,0.0,0.0,0.0
G1PACT,0.08276981769059447,0.08276981769092884,3.343714194414815e-13
GF6PTA,0.08276981769059447,0.08276981770196315,1.1368683772161603e-11
GLUR,0.0,0.0,0.0
INPTH,0.0,0.0,0.0
MI1PP,0.0,0.0,0.0
PGAMT,0.0,0.0,0.0
PIM,0.0010211378223622918,0.0010211378223622918,0.0
PIT,0.0016809551278188849,0.0016809551278188849,0.0
T2DECAI,0.1462479655623799,0.1462479655624751,9.520162436160717e-14
TDPGDH,0.0,0.0,0.0
UAAGDS,0.027589939230198153,0.027589939230265925,6.77721767594619e-14
UAGCVT,0.055179878460396306,0.05517987846046408,6.77721767594619e-14
UAGDP,0.08276981769059447,0.08276981770196315,1.1368683772161603e-11
UAGPT3,0.0,0.0,0.0
UAMAGS,0.027589939230198153,0.027589939230265925,6.77721767594619e-14
UAMAS,0.027589939230198153,0.027589939230265925,6.77721767594619e-14
UAMDH,0.055179878460396306,0.05517987846046408,6.77721767594619e-14
UDCPDP,0.0,0.0,0.0
UDPGALM,0.0,0.0,0.0
UDPGD,0.0,0.0,0.0
UGMDDS,0.0,0.0,0.0
3OAR121,0.1462479655623799,0.1462479655624751,9.520162436160717e-14
3OAR141,0.1462479655623799,0.1462479655624751,9.520162436160717e-14
3OAR161,0.1430689503369343,0.1430689503370295,9.520162436160717e-14
3OAR181,0.14018320934622147,0.14018320934631667,9.520162436160717e-14
G1PTT,0.0,0.0,0.0
GALUi,0.05037688530480873,0.07796682454637557,0.027589939241566844
PAPPT3,0.0,0.0,0.0
ACONTa,3.3651239843747356,3.3651239843774134,2.6778579353958776e-12
ACONTb,3.3651239843747356,3.3651239843774134,2.6778579353958776e-12
AKGDH,2.551986165021877,2.551986165016805,-5.071942865697565e-12
CITL,0.0,0.0,0.0
CS,3.3651239843747347,3.3651239843857534,1.1018741474799754e-11
FRD2,0.0,20.80974212404392,20.80974212404392
FRD3,0.0,20.728550037857886,20.728550037857886
FUM,2.897855547046019,2.8978555470814773,3.545830296047825e-11
ICDHyr,3.365123984382528,3.3651239843772016,-5.326405982941651e-12
MDH,2.897855547047058,2.897855547079591,3.253264324598604e-11
MDH2,0.0,0.0,0.0
MDH3,0.0,0.0,0.0
PYRC,0.0,1.6283972234094617,1.6283972234094617
SUCOAS,2.503837620569947,2.5519186527734288,0.04808103220348192
2MAHMP,0.0,0.0,0.0
ACBIPGT,0.0,0.0,0.0
ACPS1,0.0,0.0,0.0
ADCL,0.0,0.0,0.0
ADCS,0.0,0.0,0.0
ADOCBIK,0.0,0.0,0.0
ADOCBLS,0.0,0.0,0.0
ALATA_D2,0.0,0.0,0.0
ALATA_L2,0.0,0.0,0.0
AMAOTr,0.0,0.0,0.0
AMMQLT8,0.0,0.0,0.0
AMPMS2,0.0,0.0,0.0
ASP1DC,0.0003958690765126227,0.000395869078428257,1.9156343178394764e-12
ASPO5,0.001565055147985508,0.0015650551489865972,1.0010891855066761e-12
BMOCOS,0.0,0.0,0.0
BTS4,0.0,0.0,0.0
BWCOS,0.0,0.0,0.0
CDPMEK,0.0004183132817157949,0.000418313281715795,1.0842021724855044e-19
CPMPS,0.0,0.0,0.0
CPPPGO,0.0,0.0,0.0
CPPPGO2,0.0,0.0,0.0
DB4PS,0.0,0.0,0.0
DBTS,0.0,0.0,0.0
DHFR,0.0,0.004519659419917024,0.004519659419917024
DHFS,0.0,0.0,0.0
DHNCOAS,0.0,0.0,0.0
DHNCOAT,0.0,0.0,0.0
DHPPDA2,0.0,0.0,0.0
DHPS2,0.0,0.0,0.0
DHPTPE,0.0,0.0,0.0
DMATT,3.802848015598136e-05,3.802848015598136e-05,0.0
DMPPS,0.0,0.00041831328171579497,0.00041831328171579497
DPCOAK,0.0003958690765126227,0.00039586907651190106,-7.216449660063518e-16
DPR,0.0003958690765126227,0.00039586907651190106,-7.216449660063518e-16
DXPRIi,0.0004183132817157949,0.000418313281715795,1.0842021724855044e-19
DXPS,0.0004183132817157949,0.000418313281715795,1.0842021724855044e-19
FCLT,0.0,0.0,0.0
FMNAT,0.0,0.0,0.0
G1SAT,0.0,0.0,0.0
GDPDPK,0.0,0.0,0.0
GDPTPDP,0.0,0.0,0.0
GLUCYS,0.0,0.0,0.0
GLUTRR,0.0,0.0,0.0
GLYOD,0.0,0.0,0.0
GRTT,3.802848015598136e-05,3.802848015598136e-05,0.0
GTHOr,0.0,0.0,0.0
GTHRDHpp,0.0,0.0,0.0
GTPCI,0.0,0.0,0.0
GTPDPDP,0.0,0.0,0.0
GTPDPK,0.0,0.0,0.0
HETZK,0.0,0.0,0.0
HMBS,0.0,0.0,0.0
HPPK2,0.0,0.0,0.0
ICHORS,0.0,0.0,0.0
IPDDI,0.0,3.802848015598132e-05,3.802848015598132e-05
IPDPS,0.0,0.00041831328171579497,0.00041831328171579497
LIPAMPL,0.0,0.0,0.0
LIPATPT,0.0,0.0,0.0
LIPOCT,0.0,0.0,0.0
LIPOS,0.0,0.0,0.0
MECDPDH2,0.0004183132817157949,0.000418313281715795,1.0842021724855044e-19
MECDPS,0.0004183132817157949,0.000418313281715795,1.0842021724855044e-19
MEPCT,0.0004183132817157949,0.000418313281715795,1.0842021724855044e-19
MOCOS,0.0,0.0,0.0
MOHMT,0.0003958690765126227,0.000395869077639166,1.1265433030871463e-12
MPTAT,0.0,0.0,0.0
MPTS,0.0,0.0,0.0
MPTSS,0.0,0.0,0.0
MSDHD,0.0,0.0,0.0
NADDP,0.0,0.0,0.0
NADK,0.00030687425677822233,0.0003068742807319502,2.3953727890102527e-11
NADPPPS,0.0,0.0,0.0
NADS1,0.001565055147979073,0.0015650551479780006,-1.072492789022661e-15
NNAM,0.0,0.0,0.0
NNDMBRT,0.0,0.0,0.0
NNDPR,0.001565055147979073,0.0015650551489865972,1.0075241422408121e-12
NPHS,0.0,0.0,0.0
OCTDPS,0.0,0.0,0.0
OCTNLL,0.0,0.0,0.0
OHPBAT,0.0,0.0,0.0
OMBZLM,0.0,0.0,0.0
PANTS,0.0003958690765126227,0.00039586907651190106,-7.216449660063518e-16
PMPK,0.0,0.0,0.0
PNTK,0.0003958690765126227,0.00039586907651190106,-7.216449660063518e-16
PPBNGS,0.0,0.0,0.0
PPCDC,0.0003958690765126227,0.00039586907651190106,-7.216449660063518e-16
PPGPPDP,0.0,0.0,0.0
PPNCL2,0.0003958690765126227,0.00039586907651190106,-7.216449660063518e-16
PPPGO,0.0,0.0,0.0
PPPGO3,0.0,0.0,0.0
PTPATi,0.0003958690765126227,0.00039586907651190106,-7.216449660063518e-16
PY5PSH,0.0001534363541304491,0.00015343635478974772,6.592986248089849e-13
PYDAMK,0.0,0.0,0.0
PYDXK,0.0,0.0,0.0
PYDXNK,0.0,0.0,0.0
QULNS,0.001565055147979073,0.0015650551479780006,-1.072492789022661e-15
RBFSa,0.0,0.0,0.0
RBFSb,0.0,0.0,0.0
RZ5PP,0.0,0.0,0.0
SEPHCHCS,0.0,0.0,0.0
SUCBZL,0.0,0.0,0.0
TDPDSH,0.0,0.0,0.0
TMPK,0.0,0.0,0.0
TMPPP,0.0,0.0,0.0
TRATF,0.0,0.0,0.0
TYRL,0.0,0.0,0.0
UDCPDPS,3.802848015598136e-05,3.802848015598136e-05,0.0
UPP3MT,0.0,0.0,0.0
UPP3S,0.0,0.0,0.0
UPPDC1,0.0,0.0,0.0
WCOS,0.0,0.0,0.0
NAMNPP,0.0,0.0,0.0
RBFK,0.0,0.0,0.0
ADSK,0.0,0.0,0.0
AMPTASECG,0.0,0.0,0.0
BPNT,0.0,0.0,0.0
CYSS,0.07640744399948962,0.07640744400083838,1.3487544414658714e-12
MCPST,0.0,0.0,0.0
PAPSR,0.0,0.0,0.0
PAPSR2,0.0,0.0,0.0
SADT2,0.07640744399948962,0.0764074440017702,2.280578503821573e-12
SERAT,0.07640744399948962,0.07640744400083838,1.3487544414658714e-12
SULRi,0.07640744399948962,0.0764074440017702,2.280578503821573e-12
EX_26dap__M_e,0.0,0.0,0.0
EX_3amp_e,0.0,0.0,0.0
EX_3cmp_e,0.0,0.0,0.0
EX_3gmp_e,0.0,0.0,0.0
EX_3ump_e,0.0,0.0,0.0
EX_4abut_e,0.0,0.0,0.0
EX_ac_e,0.0,0.0,0.0
EX_acald_e,0.0,0.0,0.0
EX_acgam_e,0.0,0.0,0.0
EX_acgam1p_e,0.0,0.0,0.0
EX_acmana_e,0.0,0.0,0.0
EX_acser_e,0.0,0.0,0.0
EX_ade_e,0.0,0.0,0.0
EX_adn_e,0.0,0.0,0.0
EX_akg_e,0.0,0.0,0.0
EX_ala_L_e,0.0,0.0,0.0
EX_alaala_e,0.0,0.0,0.0
EX_ala_B_e,0.0,0.0,0.0
EX_ala__D_e,0.0,0.0,0.0
EX_amp_e,0.0,0.0,0.0
EX_arg_L_e,0.0,0.0,0.0
EX_asn_L_e,0.0,0.0,0.0
EX_asp_L_e,0.0,0.0,0.0
EX_ca2_e,0.0,0.0,0.0
EX_cgly_e,0.0,0.0,0.0
EX_cit_e,0.0,0.0,0.0
EX_cmp_e,0.0,0.0,0.0
EX_co2_e,13.359158395765993,13.359158395770688,4.694911126534862e-12
EX_cobalt2_e,0.0,0.0,0.0
EX_cu_e,0.0,0.0,0.0
EX_cu2_e,0.0,0.0,0.0
EX_cyan_e,0.0,0.0,0.0
EX_cys_L_e,0.0,0.0,0.0
EX_cytd_e,0.0,0.0,0.0
EX_dad_2_e,0.0,0.0,0.0
EX_damp_e,0.0,0.0,0.0
EX_dcmp_e,0.0,0.0,0.0
EX_dcyt_e,0.0,0.0,0.0
EX_dgmp_e,0.0,0.0,0.0
EX_dgsn_e,0.0,0.0,0.0
EX_dha_e,0.0,0.0,0.0
EX_dimp_e,0.0,0.0,0.0
EX_din_e,0.0,0.0,0.0
EX_dms_e,0.0,0.0,0.0
EX_dmso_e,0.0,0.0,0.0
EX_dtmp_e,0.0,0.0,0.0
EX_dump_e,0.0,0.0,0.0
EX_duri_e,0.0,0.0,0.0
EX_etha_e,0.0,0.0,0.0
EX_etoh_e,0.0,0.0,0.0
EX_f6p_e,0.0,0.0,0.0
EX_fe2_e,0.0,0.0,0.0
EX_fe3_e,0.0,0.0,0.0
EX_for_e,0.0,0.0,0.0
EX_fru_e,0.0,0.0,0.0
EX_fruur_e,0.0,0.0,0.0
EX_fum_e,0.0,0.0,0.0
EX_g1p_e,0.0,0.0,0.0
EX_g3pe_e,0.0,0.0,0.0
EX_g3pg_e,0.0,0.0,0.0
EX_g3pi_e,0.0,0.0,0.0
EX_g3ps_e,0.0,0.0,0.0
EX_g6p_e,0.0,0.0,0.0
EX_gal1p_e,0.0,0.0,0.0
EX_gam_e,0.0,0.0,0.0
EX_gam6p_e,0.0,0.0,0.0
EX_glc_e,0.0,0.0,0.0
EX_glcn_e,0.0,0.0,0.0
EX_glcur_e,0.0,0.0,0.0
EX_glcur1p_e,0.0,0.0,0.0
EX_gln_L_e,0.0,0.0,0.0
EX_glu_L_e,0.0,0.0,0.0
EX_gly_e,0.0,0.0,0.0
EX_glyald_e,0.0,0.0,0.0
EX_glyc_e,0.0,0.0,0.0
EX_glyc_R_e,0.0,0.0,0.0
EX_glyc3p_e,0.0,0.0,0.0
EX_gmp_e,0.0,0.0,0.0
EX_gsn_e,0.0,0.0,0.0
EX_gthrd_e,0.0,0.0,0.0
EX_gua_e,0.0,0.0,0.0
EX_h_e,4.460011544059153,4.460011544150461,9.130829425885167e-11
EX_h2_e,0.0,0.0,0.0
EX_h2o_e,26.013714474746028,26.013714474754874,8.846257060213247e-12
EX_h2s_e,0.0,0.0,0.0
EX_his_L_e,0.0,0.0,0.0
EX_hom__L_e,0.0,0.0,0.0
EX_hxan_e,0.0,0.0,0.0
EX_ile_L_e,0.0,0.0,0.0
EX_imp_e,0.0,0.0,0.0
EX_indole_e,0.0,0.0,0.0
EX_inost_e,0.0,0.0,0.0
EX_ins_e,0.0,0.0,0.0
EX_k_e,0.0,0.0,0.0
EX_lac_D_e,0.0,0.0,0.0
EX_lac_L_e,0.0,0.0,0.0
EX_leu_L_e,0.0,0.0,0.0
EX_lys_L_e,0.0,0.0,0.0
EX_mal__L_e,0.0,0.0,0.0
EX_malt_e,0.0,0.0,0.0
EX_man_e,0.0,0.0,0.0
EX_man6p_e,0.0,0.0,0.0
EX_met_L_e,0.0,0.0,0.0
EX_mg2_e,0.0,0.0,0.0
EX_mn2_e,0.0,0.0,0.0
EX_mnl_e,0.0,0.0,0.0
EX_n2o_e,0.0,0.0,0.0
EX_na1_e,0.0,0.0,0.0
EX_nac_e,0.0,0.0,0.0
EX_nh4_e,0.0,0.0,0.0
EX_ni2_e,0.0,0.0,0.0
EX_nmn_e,0.0,0.0,0.0
EX_no_e,0.0,0.0,0.0
EX_no2_e,0.0,0.0,0.0
EX_no3_e,0.0,0.0,0.0
EX_o2_e,0.0,0.0,0.0
EX_o2s_e,0.0,0.0,0.0
EX_orn_e,0.0,0.0,0.0
EX_orot_e,0.0,0.0,0.0
EX_phe_L_e,0.0,0.0,0.0
EX_pheme_e,0.0,0.0,0.0
EX_pi_e,0.0,0.0,0.0
EX_pnto__R_e,0.0,0.0,0.0
EX_ppa_e,0.0,0.0,0.0
EX_ppt_e,0.0,0.0,0.0
EX_pro_L_e,0.0,0.0,0.0
EX_progly_e,0.0,0.0,0.0
EX_pydx_e,0.0,0.0,0.0
EX_pyr_e,0.0,0.0,0.0
EX_rib__D_e,0.0,0.0,0.0
EX_sbt__D_e,0.0,0.0,0.0
EX_ser_L_e,0.0,0.0,0.0
EX_skm_e,0.0,0.0,0.0
EX_so3_e,0.0,0.0,0.0
EX_so4_e,0.0,0.0,0.0
EX_succ_e,0.0,0.0,0.0
EX_sucr_e,0.0,0.0,0.0
EX_tcynt_e,0.0,0.0,0.0
EX_thr_L_e,0.0,0.0,0.0
EX_thymd_e,0.0,0.0,0.0
EX_tma_e,0.0,0.0,0.0
EX_tmao_e,0.0,0.0,0.0
EX_tre_e,0.0,0.0,0.0
EX_trp_L_e,0.0,0.0,0.0
EX_tsul_e,0.0,0.0,0.0
EX_tyr_L_e,0.0,0.0,0.0
EX_uacgam_e,0.0,0.0,0.0
EX_udpg_e,0.0,0.0,0.0
EX_udpgal_e,0.0,0.0,0.0
EX_udpglcur_e,0.0,0.0,0.0
EX_ump_e,0.0,0.0,0.0
EX_ura_e,0.0,0.0,0.0
EX_urea_e,0.0,0.0,0.0
EX_uri_e,0.0,0.0,0.0
EX_val_L_e,0.0,0.0,0.0
EX_xan_e,0.0927583393735845,0.09275833937385725,2.727401637869775e-13
EX_xmp_e,0.0,0.0,0.0
EX_xtsn_e,0.0,0.0,0.0
EX_xyl__D_e,0.0,0.0,0.0
EX_zn2_e,0.0,0.0,0.0
ACBCP,0.0,2.008752634702125,2.008752634702125
BTNC,0.0,2.008752634702125,2.008752634702125
5FTHFC,0.0,0.0,0.0
FOMETRi,0.0,0.0,0.0
FTHFD,0.0,0.0,0.0
GLYCL,0.0,0.0,0.0
MTHFC,0.35417759651143244,0.35417759651359165,2.1592172494422357e-12
MTHFD,0.35417759651143244,0.35417759651359165,2.1592172494422357e-12
MTHFR2,0.04808103220834987,0.04808103220967408,1.3242115737277516e-12
TMDS2,0.0,0.004519659419917024,0.004519659419917024
GLNS,0.7346743594752008,0.7346743594984219,2.3221091716152387e-11
GLUDC,0.0,0.0,0.0
GLUDy,3.964182899332935,3.9641828994239696,9.103473530558404e-11
GLUN,0.0,0.0,0.0
GLUSy,0.0,0.0,0.0
ACPPAT120,0.0,0.0,0.0
ACPPAT140,0.0,0.0,0.0
ACPPAT141,0.0,0.0,0.0
ACPPAT160,0.0,0.0,0.0
ACPPAT161,0.0,0.0,0.0
ACPPAT180,0.0,0.0,0.0
ACPPAT181,0.0,0.0,0.0
AGPAT120,0.0,0.0,0.0
AGPAT140,0.0,0.0,0.0
AGPAT141,0.0,0.0,0.0
AGPAT160,0.0,0.0,0.0
AGPAT161,0.0,0.0,0.0
AGPAT180,0.0,0.0,0.0
AGPAT181,0.0,0.0,0.0
APH140,0.0,0.0,0.0
DASYN120,0.0,0.0,0.0
DASYN140,0.0,0.0,0.0
DASYN141,0.0,0.0,0.0
DASYN160,0.0,0.0,0.0
DASYN161,0.0,0.0,0.0
DASYN180,0.0,0.0,0.0
DASYN181,0.0,0.0,0.0
G3PAT120,0.0,0.0,0.0
G3PAT140,0.0,0.0,0.0
G3PAT141,0.0,0.0,0.0
G3PAT160,0.0,0.0,0.0
G3PAT161,0.0,0.0,0.0
G3PAT180,0.0,0.0,0.0
G3PAT181,0.0,0.0,0.0
GPDDA2,0.0,0.0,0.0
GPDDA3,0.0,0.0,0.0
GPDDA4,0.0,0.0,0.0
GPDDA5,0.0,0.0,0.0
LPLIPAL1A180pp,0.0,0.0,0.0
PGSA120,0.0,0.0,0.0
PGSA140,0.0,0.0,0.0
PGSA141,0.0,0.0,0.0
PGSA160,0.0,0.0,0.0
PGSA161,0.0,0.0,0.0
PGSA180,0.0,0.0,0.0
PGSA181,0.0,0.0,0.0
GHMT2r,0.4071741572150118,0.40717415721663286,1.621036638255191e-12
GLYCK2,0.0,0.0,0.0
PGCD,0.6565603424411666,0.656560342459765,1.8598456108520622e-11
PSERT,0.6565603424411666,0.656560342459765,1.8598456108520622e-11
PSP_L,0.6565603424411666,0.656560342459765,1.8598456108520622e-11
SARCOX,0.0,0.0,0.0
SERD_L,0.0,0.0,0.0
ENO,9.4444767818359,9.444476781843012,7.110756428119203e-12
FBA,4.810033752581308,4.810033752587613,6.305178601451189e-12
FBP,0.0,0.0,0.0
GAPD,10.101037124276635,10.101037124283971,7.336353746723034e-12
GLBRAN2,0.0,998.646763698683,998.646763698683
GLCP,0.0,998.646763698683,998.646763698683
GLCP2,0.0,998.646763698683,998.646763698683
GLCS1,0.0,998.646763698683,998.646763698683
GLGC,0.0,998.646763698683,998.646763698683
HEX1,0.0,0.0,0.0
PDH,5.946940087771589,5.94694008784788,7.629097353856196e-11
PFK,4.810033752581308,4.810033752604847,2.353850447889272e-11
PGI,3.7376295780407007,3.737629578057596,1.6895373988745632e-11
PGK,10.101037124276635,10.101037124283971,7.336353746723034e-12
PGM,9.4444767818359,9.444476781843012,7.110756428119203e-12
PPS,0.0,0.0,0.0
PYK,0.0,2.9037704860497495,2.9037704860497495
TPI,4.77056035190769,4.770560351913998,6.307843136710289e-12
GLYCK,0.0,0.0,0.0
ATPPRT,0.04253117403652924,0.042531174039771275,3.2420316431469587e-12
HISTD,0.04253117403652924,0.042531174039771275,3.2420316431469587e-12
HISTP,0.04253117403652924,0.042531174039771275,3.2420316431469587e-12
HSTPT,0.04253117403652924,0.042531174039771275,3.2420316431469587e-12
IG3PS,0.04253117403652924,0.042531174039771275,3.2420316431469587e-12
IGPDH,0.04253117403652924,0.042531174039771275,3.2420316431469587e-12
PRAMPC,0.04253117403652924,0.042531174039771275,3.2420316431469587e-12
PRATPP,0.04253117403652924,0.042531174039771275,3.2420316431469587e-12
PRMICI,0.04253117403652924,0.042531174039771275,3.2420316431469587e-12
PRPPS,0.2985683890623111,0.29856838908367694,2.136585353085252e-11
CA2t3pp,0.0,0.0,0.0
CAt6pp,0.0,0.0,0.0
COBALT2abcpp,0.0,0.0,0.0
COBALT2tpp,9.437675125850361e-05,9.437674976858431e-05,-1.48991929904696e-12
CYANSTpp,0.0,0.0,0.0
FDMO,0.0,0.0,0.0
FE3abcpp,0.0,0.0,0.0
FEROpp,0.007321211624639379,0.007321211623149459,-1.48991929904696e-12
Kabcpp,0.0,0.0,0.0
Kt2pp,0.7321247589918474,0.7321247590368704,4.5022985339926436e-11
Kt3pp,0.0,0.0,0.0
MG2t3_2pp,0.0325387582891566,0.03253875828816332,-9.93281845662608e-13
MG2uabcpp,0.0,0.0,0.0
MN2tpp,0.002593346486643368,0.0025933464806836906,-5.95967719618784e-12
NAt3_1p5pp,0.0,0.0,0.0
NAt3_2pp,0.0,0.0,0.0
NAt3pp,0.0,0.0,0.0
NH4tpp,5.002816173907669,5.002816173918405,1.0736300737335114e-11
NI2tpp,0.0012104609441201423,0.001210460942630223,-1.48991929904696e-12
NI2uabcpp,0.0,0.0,0.0
NO2t2rpp,0.0,0.0,0.0
NO3t7pp,0.0,0.0,0.0
O2tpp,11.688934127598044,11.68893412760228,4.236611061969597e-12
PIt2rpp,0.2872103420174632,0.2872103421095731,9.210987528263104e-11
PIuabcpp,0.0,0.0,0.0
PPTHpp,0.0,0.0,0.0
SFRD,0.0,0.0,0.0
SO3TRDRD,0.07640744400097965,0.07640744400178107,8.014144903256692e-13
SULabcpp,0.09267700297731712,0.09267700297960846,2.2913337893726293e-12
ZN2abcpp,0.0,0.0,0.0
ZN2t3pp,0.0,0.0,0.0
ZN2tpp,0.0012787618007552572,0.0012787618955223403,9.476708306976889e-11
ZNabcpp,0.0,0.0,0.0
CD2tpp,0.0,0.0,0.0
CU2tpp,0.0026584103298953406,0.0026584103298953406,0.0
FE2tpp,0.05446984325559097,0.05446984324977714,-5.813828585221614e-12
D52DGK,0.0,0.0,0.0
D5GIS,0.0,0.0,0.0
MI1PS,0.0,0.0,0.0
MI2DH,0.0,0.0,0.0
MI2DHT,0.0,0.0,0.0
THCDH,0.0,0.0,0.0
U23GAAT,0.0,0.0,0.0
UAGAAT,0.0,0.0,0.0
ACACT1r,0.0,0.0,0.0
ACCOAC,0.0,2.0087526347026845,2.0087526347026845
ACOAD1f,0.0,0.0,0.0
ACOAD2f,0.0,0.0,0.0
ACOAD3f,0.0,0.0,0.0
ACOAD4f,0.0,0.0,0.0
ACOAD5f,0.0,0.0,0.0
ACOAD6f,0.0,0.0,0.0
ACOAD7f,0.0,0.0,0.0
ACOAD8f,0.0,0.0,0.0
ACOATA,0.0,0.2672902154718859,0.2672902154718859
KAS14,0.0,0.2672902154718859,0.2672902154718859
KAS15,0.0,0.2672902154718859,0.2672902154718859
MACPD,0.0,0.0,0.0
MCOATA,2.0087311536509826,2.008731153675047,2.4064306103355193e-11
TDCM_FREE,0.0027165745515629037,0.0027165745515629037,0.0
TMCM_FREE,0.007086702904378175,0.007086702904378175,0.0
ACHACB,0.0,0.0,0.0
AHCYSNS,0.0,0.0,0.0
CYSTL,0.04808103220834987,0.0480810322097056,1.355734968733202e-12
HSST,0.0,0.0480810322097056,0.0480810322097056
METAT,0.0001534363541304491,0.0001534363541304491,0.0
METS,0.04808103220834987,0.0480810322097056,1.355734968733202e-12
METSOXR1,0.0,0.0,0.0
SHSL1,0.0,0.0480810322097056,0.0480810322097056
GLYOX,0.0,0.0,0.0
LGTHL,0.0,0.0,0.0
MCTP1App,0.0,0.0,0.0
MCTP1Bpp,0.0,0.0,0.0
MCTP2App,0.0,0.0,0.0
MDDCP3pp,0.0,0.0,0.0
MDDCP4pp,0.0,0.0,0.0
MDDCP5pp,0.0,0.0,0.0
MPTG,0.0,0.0,0.0
MPTG2,0.0,0.0,0.0
AGM4PApp,0.0,0.0,0.0
NHFRBO,0.0,0.0,0.0
NO3R1bpp,0.0,0.0,0.0
NO3R2bpp,0.0,0.0,0.0
NTRIR3pp,0.0,0.0,0.0
NTRIR4pp,0.0,0.0,0.0
3NTD2pp,0.0,0.0,0.0
3NTD4pp,0.0,0.0,0.0
3NTD7pp,0.0,0.0,0.0
3NTD9pp,0.0,0.0,0.0
ADK1,0.0,1000.0,1000.0
ADK2,0.0,0.0,0.0
ADK3,0.0,999.8232593666334,999.8232593666334
ADK4,0.0,0.0,0.0
ADNCYC,0.0,0.0,0.0
ADNK1,0.0,0.0,0.0
ADPRDP,0.0,0.0,0.0
ADPT,0.0,0.0,0.0
AMPN,0.0,0.0,0.0
AP5AH,0.0,0.0,0.0
ATPHs,0.0,0.0,0.0
CYTDK2,0.0,0.0,0.0
CYTK1,0.018723646629619006,0.018723646631413182,1.7941759189454842e-12
CYTK2,0.0,0.0,0.0
DCTPD,0.0,0.0,0.0
DGK1,0.0,0.0,0.0
DTMPK,0.0,0.0,0.0
DURIK1,0.0,0.0,0.0
DUTPDP,0.0,0.0,0.0
GK1,0.03577447628656211,0.03577447628842251,1.860400722364375e-12
GP4GH,0.0,0.0,0.0
GSNHYDRO,0.0,0.0,0.0
GSNK,0.0,0.0,0.0
GTPHs,0.0,0.0,0.0
GUAPRT,0.0,0.0,0.0
HXPRT,0.0,0.0,0.0
INSH,0.0,0.0,0.0
NDPK1,0.0,1000.0,1000.0
NDPK2,0.5610787996422701,0.5886687388743763,0.027589939232106175
NDPK3,0.013460790097350461,0.0134607900973161,-3.4361402612148595e-14
NDPK4,0.0,0.0,0.0
NDPK5,0.0,0.0,0.0
NDPK6,0.0,0.0,0.0
NDPK7,0.0,0.0,0.0
NDPK8,0.0,0.0,0.0
NNATr,0.001565055147981566,0.00156505514797234,-9.225909966548151e-15
NTD1,0.0,0.0,0.0
NTD10,0.09275833937463415,0.09275833937271848,-1.9156759512028998e-12
NTD11,0.0,0.0,0.0
NTD12,0.0,0.0,0.0
NTD2,0.0,0.0,0.0
NTD3,0.0,0.0,0.0
NTD4,0.0,0.0,0.0
NTD5,0.0,0.0,0.0
NTD6,0.0,0.0,0.0
NTD7,0.0,0.0,0.0
NTD8,0.0,0.0,0.0
NTD9,0.0,0.0,0.0
NTPP1,0.0,0.0,0.0
NTPP10,0.0,0.0,0.0
NTPP11,0.0,0.0,0.0
NTPP3,0.0,0.0,0.0
NTPP4,0.0,0.0,0.0
NTPP5,0.0,0.0,0.0
NTPP9,0.0,0.0,0.0
NTPTP1,0.0,0.0,0.0
NTPTP2,0.0,0.0,0.0
RNDR1,0.004519659418780156,0.004519659418855521,7.536506141381238e-14
RNDR1b,0.0,0.0,0.0
RNDR2,0.005262856534097063,0.005262856534175537,7.847368588276282e-14
RNDR2b,0.0,0.0,0.0
RNDR3,0.005262856534097063,0.005262856535048552,9.514888876793748e-13
RNDR3b,0.0,0.0,0.0
RNDR4,0.004519659420717051,0.004519659418893843,-1.823208251039432e-12
RNDR4b,0.0,0.0,0.0
RNTR2c,0.0,0.0,0.0
RNTR3c,0.0,0.0,0.0
RNTR4c,0.0,0.0,0.0
TMDS,0.0,0.004519659418893843,0.004519659418893843
UMPK,0.10878202541623386,0.10878202541813853,1.904670865471303e-12
UPPRT,0.0,0.0,0.0
URIDK2r,0.0,0.0,0.0
XTSNH,0.09275833937463415,0.09275833937271848,-1.9156759512028998e-12
NTP1,0.0,0.0,0.0
NTP10,0.0,0.0,0.0
NTP11,0.0,0.0,0.0
NTP12,0.0,0.0,0.0
NTP3,0.0,0.0,0.0
NTP5,0.0,0.0,0.0
NTPP2,0.0,0.0,0.0
NTPP6,0.0,0.0,0.0
NTPP7,0.0,0.0,0.0
NTPP8,0.0,0.0,0.0
ATPS4rpp,37.556071078211474,37.556071078211374,-9.947598300641403e-14
CAT,0.0,0.0,0.0
CRNCAL2,0.0,0.0,0.0
CRNDCAL2,0.0,0.0,0.0
CTBTCAL2,0.0,0.0,0.0
CYTBD2pp,0.0,0.0,0.0
CYTBDpp,0.0,0.0,0.0
CYTBO3_4pp,23.36322583195382,23.363225831948316,-5.503153488461976e-12
DMSOR1pp,0.0,0.0,0.0
DMSOR2pp,0.0,0.0,0.0
FDH4pp,0.0,0.0,0.0
FDH5pp,0.0,0.0,0.0
G3PD5,0.0,0.0,0.0
G3PD6,0.0,0.0,0.0
G3PD7,0.0,0.0,0.0
HYD1pp,0.0,0.0,0.0
HYD2pp,0.0,0.0,0.0
HYD3pp,0.0,0.0,0.0
LDH_D2,0.0,0.0,0.0
NADH10,0.0,0.0,0.0
NADH16pp,0.0,20.728550037846546,20.728550037846546
NADH17pp,0.0,20.728550037846546,20.728550037846546
NADH18pp,0.0,20.728550037846546,20.728550037846546
NADH5,0.0,0.0,0.0
NADH9,0.0,0.0,0.0
NADPHQR2,0.0,0.0,0.0
NADPHQR3,0.0,0.0,0.0
NADPHQR4,0.0,0.0,0.0
NO3R1pp,0.0,0.0,0.0
NO3R2pp,0.0,0.0,0.0
NTRIR2x,0.0,0.0,0.0
POX,0.0,0.0,0.0
PPKr,0.0,0.0,0.0
SPODM,0.0,0.0,0.0
SUCDi,2.55348370790748,23.363225831948316,20.809742124040838
TMAOR1pp,0.0,0.0,0.0
TMAOR2pp,0.0,0.0,0.0
TRDR,0.09597247590524416,0.0959724759054249,1.8074430840897548e-13
L_LACD2,0.0,0.0,0.0
L_LACD3,0.0,0.0,0.0
G6PDH2r,2.3916003199600913,2.3916003199762916,1.6200374375330284e-11
GND,2.3916003199600913,2.3916003199762916,1.6200374375330284e-11
PGL,2.3916003199600913,2.3916003199762916,1.6200374375330284e-11
RPE,1.1551739922261044,1.1551739922365827,1.0478284906412227e-11
RPI,0.0,0.0,0.0
TALA,0.6516160852581275,0.6516160852633666,5.239031430903651e-12
TKT1,0.6516160852581275,0.6516160852633666,5.239031430903651e-12
TKT2,0.503557906967977,0.503557906973216,5.239031430903651e-12
ADSL1r,0.06982156961417557,0.06982156961565862,1.483049794082092e-12
ADSL2r,0.155823211235447,0.1558232112374159,1.9688972674458682e-12
ADSS,0.06982156961417539,0.06982156961565862,1.4832302053235935e-12
AICART,0.19835438527308252,0.19835438527394517,8.626432901337466e-13
AIRC2,0.155823211235447,0.1558232112374159,1.9688972674458682e-12
AIRC3,0.0,0.0,0.0
ASPCT,0.08119208618603736,0.0811920861860374,4.163336342344337e-17
CTPS2,0.0278794491891462,0.027879449190097688,9.514888876793748e-13
DHORD2,0.0,0.08119208618615109,0.08119208618615109
DHORD5,0.0,0.08119208618615109,0.08119208618615109
DHORTS,0.0,0.0,0.0
GARFT,0.15582321122375886,0.1558232112374159,1.365704771494336e-11
GART,0.0,0.0,0.0
GLUPRT,0.155823211235447,0.1558232112374159,1.9688972674458682e-12
GMPS2,0.03577447628656211,0.0357744762873653,8.031908471650695e-13
IMPC,0.0,0.0,0.0
IMPD,0.12853281565493901,0.12853281565923802,4.299005595953531e-12
OMPDC,0.08119208618603735,0.08119208618626478,2.274291865944633e-13
ORPT,0.0,0.0,0.0
PRAGSr,0.15582321123624004,0.1558232112374159,1.175864960956119e-12
PRAIS,0.15582321123624004,0.1558232112374159,1.175864960956119e-12
PRASCSi,0.15582321123624004,0.1558232112374159,1.175864960956119e-12
PRFGS,0.15582321123624004,0.1558232112374159,1.175864960956119e-12
ACALD,0.0,0.0,0.0
ACKr,0.07640744399828836,0.12448847620974207,0.04808103221145371
ALCD2x,0.0,0.0,0.0
FHL,0.0,0.0,0.0
LDH_D,0.0,0.0,0.0
OAADC,0.0,0.0,0.0
PTAr,0.0,0.0,0.0
LDH,0.0,0.0,0.0
ASAD,0.0,0.0,0.0
ASPK,0.4866953102899906,0.4866953102900993,1.0874634526203408e-13
DAPDC,0.11838712655487091,0.11838712655493767,6.676603714339535e-14
DAPDH,0.1459770657772602,0.14597706578513583,7.875644580934704e-12
DAPE,0.0,0.0,0.0
DHDPRy,0.14597706578506905,0.14597706578513583,6.677991493120317e-14
DHDPS,0.14597706578506905,0.14597706578513583,6.677991493120317e-14
HSDy,0.0,0.0,0.0
HSK,0.29263721229657164,0.2926372122966731,1.0147438445073931e-13
SDPDS,0.0,0.0,0.0
SDPTA,0.0,0.0,0.0
THDPS,0.0,0.0,0.0
THRS,0.29263721229657164,0.2926372122966731,1.0147438445073931e-13
26DAHtex,0.0,0.0,0.0
3AMPtex,0.0,0.0,0.0
3CMPtex,0.0,0.0,0.0
3GMPtex,0.0,0.0,0.0
3UMPtex,0.0,0.0,0.0
ABUTt2pp,0.0,0.0,0.0
ABUTtex,0.0,0.0,0.0
ACALDtpp,0.0,0.0,0.0
ACGAM1Ptex,0.0,0.0,0.0
ACGAptspp,0.0,0.0,0.0
ACGAtex,0.0,0.0,0.0
ACMANAptspp,0.0,0.0,0.0
ACMANAtex,0.0,0.0,0.0
ACMUMptspp,0.0,0.0,0.0
ACSERtex,0.0,0.0,0.0
ACt2rpp,0.0,0.0,0.0
ADEt2rpp,0.0,0.0,0.0
ADNt2rpp,0.0,0.0,0.0
AKGt2rpp,0.0,0.0,0.0
ALAabcpp,0.0,0.0,0.0
ALAALAabcpp,0.0,0.0,0.0
ALAALAtex,0.0,0.0,0.0
ALAtex,0.0,0.0,0.0
AMPtex,0.0,0.0,0.0
ARBabcpp,0.0,0.0,0.0
ARBt3ipp,0.0,0.0,0.0
ARBTptspp,0.0,0.0,0.0
ARGabcpp,0.0,0.0,0.0
ARGORNt7pp,0.0,0.0,0.0
ARGt3pp,0.0,0.0,0.0
ASCBptspp,0.0,0.0,0.0
ASNabcpp,0.0,0.0,0.0
ASNt2rpp,0.0,0.0,0.0
ASPabcpp,0.0,0.0,0.0
ASPt2pp,0.0,0.0,0.0
ASPt2rpp,0.0,0.0,0.0
BALAt2pp,0.0,0.0,0.0
BALAtex,0.0,0.0,0.0
BCCPE,0.0,0.0,0.0
CGLYabcpp,0.0,0.0,0.0
CGLYtex,0.0,0.0,0.0
CHTBSptspp,0.0,0.0,0.0
CITt3pp,0.0,0.0,0.0
CITt7pp,0.0,0.0,0.0
CITtex,0.0,0.0,0.0
CLt3_2pp,0.009761735386696443,0.009761735386696443,0.0
CRNabcpp,0.0,0.0,0.0
CRNDabcpp,0.0,0.0,0.0
CRNDt2rpp,0.0,1000.0,1000.0
CRNt2rpp,0.0,0.0,0.0
CRNt8pp,0.0,999.9999999999947,999.9999999999947
CTBTabcpp,0.0,0.0,0.0
CTBTt2rpp,0.0,0.0,0.0
CUt3,0.0,0.0,0.0
CUtex,0.0,0.0,0.0
CYANtex,0.0,0.0,0.0
CYSabc2pp,0.0,0.0,0.0
CYSabcpp,0.0,0.0,0.0
CYStpp,0.0,0.0,0.0
CYTDt2pp,0.0,1000.0,1000.0
CYTDt2rpp,0.0,0.0,0.0
DADNtex,0.0,0.0,0.0
DALAt2pp,0.0,0.0,0.0
DALAtex,0.0,0.0,0.0
DAMPtex,0.0,0.0,0.0
DAPabcpp,0.0,0.0,0.0
DCMPtex,0.0,0.0,0.0
DCYTtex,0.0,0.0,0.0
DGMPtex,0.0,0.0,0.0
DGSNtex,0.0,0.0,0.0
DHAtpp,0.0,0.0,0.0
DIMPtex,0.0,0.0,0.0
DINStex,0.0,0.0,0.0
D_LACt2pp,0.0,0.0,0.0
DMSOtex,0.0,0.0,0.0
DMStex,0.0,0.0,0.0
DSERt2pp,0.0,0.0,0.0
DTMPtex,0.0,0.0,0.0
DUMPtex,0.0,0.0,0.0
DURIt2pp,0.0,0.0,0.0
DURItex,0.0,0.0,0.0
ETHAtex,0.0,0.0,0.0
ETOHtrpp,0.0,0.0,0.0
EX_biomass,0.5780205250323497,0.5780205250323497,0.0
EX_BIOTIN,0.0,0.0,0.0
EX_cl,0.0,0.0,0.0
F6Pt6_2pp,0.0,0.0,0.0
F6Ptex,0.0,0.0,0.0
FE3DHBZStonex,0.0,0.0,0.0
FE3tex,0.0,0.0,0.0
FRUpts2pp,0.0,0.0,0.0
FRUtex,0.0,0.0,0.0
FRUURt2rpp,0.0,0.0,0.0
FUMt2_2pp,0.0,0.0,0.0
FUMt2_3pp,0.0,0.0,0.0
FUMtex,0.0,0.0,0.0
G1Ptex,0.0,0.0,0.0
G3PCabcpp,0.0,0.0,0.0
G3PEabcpp,0.0,0.0,0.0
G3PEtex,0.0,0.0,0.0
G3PGabcpp,0.0,0.0,0.0
G3PGtex,0.0,0.0,0.0
G3PIabcpp,0.0,0.0,0.0
G3PItex,0.0,0.0,0.0
G3PSabcpp,0.0,0.0,0.0
G3PStex,0.0,0.0,0.0
G6Pt6_2pp,0.0,0.0,0.0
G6Ptex,0.0,0.0,0.0
GAL1Ptex,0.0,0.0,0.0
GALTptspp,0.0,0.0,0.0
GAM6Pt6_2pp,0.0,0.0,0.0
GAMAN6Ptex,0.0,0.0,0.0
GAMptspp,0.0,0.0,0.0
GAMtex,0.0,0.0,0.0
GLCabcpp,0.0,0.027589939226375433,0.027589939226375433
GLCNt2rpp,0.0,0.0,0.0
GLCptspp,6.189410060761992,6.217,0.027589939238007233
GLCUR1Ptex,0.0,0.0,0.0
GLCURt2rpp,0.0,0.0,0.0
GLNabcpp,0.0,0.0,0.0
GLNt2rpp,0.0,0.0,0.0
GLUabcpp,0.0,0.0,0.0
GLUt4pp,0.0,1000.0,1000.0
GLUtex,0.0,0.0,0.0
GLYALDtpp,0.0,0.0,0.0
GLYBabcpp,0.0,0.0,0.0
GLYC2Pabcpp,0.0,0.0,0.0
GLYC3Pabcpp,0.0,0.0,0.0
GLYC3Pt6pp,0.0,0.0,0.0
GLYC3Ptex,0.0,0.0,0.0
GLYCAt2rpp,0.0,0.0,0.0
GLYCtpp,0.0,0.0,0.0
GLYtex,0.0,0.0,0.0
GMPtex,0.0,0.0,0.0
GSNt2pp,0.0,0.0,0.0
GSNtex,0.0,0.0,0.0
GTHRDabc2pp,0.0,0.0,0.0
GTHRDabcpp,0.0,0.0,0.0
GTHRDtex,0.0,0.0,0.0
GUAt2pp,0.0,0.0,0.0
GUAtpp,0.0,0.0,0.0
H2Otpp,0.0,0.0,0.0
H2St1pp,0.0,1000.0,1000.0
H2Stex,0.0,1000.0,1000.0
H2tpp,0.0,0.0,0.0
HISabcpp,0.0,0.0,0.0
HISt2rpp,0.0,0.0,0.0
HOMt2pp,0.0,0.0,0.0
HOMtex,0.0,0.0,0.0
HYXNtpp,0.0,0.0,0.0
ILEt2rpp,0.0,0.0,0.0
INDOLEt2pp,0.0,1000.0,1000.0
INDOLEt2rpp,0.0,1000.0,1000.0
INSt2pp,0.0,1000.0,1000.0
INSt2rpp,0.0,0.0,0.0
LEUt2rpp,0.0,0.0,0.0
L_LACt2rpp,0.0,0.0,0.0
LYSabcpp,0.0,0.0,0.0
LYSt2pp,0.0,0.0,0.0
LYSt3pp,0.0,0.0,0.0
MALt3pp,0.0,0.0,0.0
MALTabcpp,0.0,0.0,0.0
MALTptspp,0.0,0.0,0.0
MAN6Pt6_2pp,0.0,0.0,0.0
MANptspp,0.0,0.0,0.0
METabcpp,0.0,0.0,0.0
METt2rpp,0.0,0.0,0.0
MNLptspp,0.0,0.0,0.0
MNt2pp,0.0,0.0,0.0
NACtpp,0.0,0.0,0.0
NAtex,0.0,0.019523470761569454,0.019523470761569454
NMNt7pp,0.0,0.0,0.0
NO3tex,0.0,0.0,0.0
NOtex,0.0,0.0,0.0
O2Stex,0.0,0.0,0.0
ORNabcpp,0.0,0.0,0.0
OROTt2_2pp,0.0,0.0,0.0
PA120abcpp,0.0,0.0,0.0
PA140abcpp,0.0,0.0,0.0
PA141abcpp,0.0,0.0,0.0
PA160abcpp,0.0,0.0,0.0
PA161abcpp,0.0,0.0,0.0
PA180abcpp,0.0,0.0,0.0
PA181abcpp,0.0,0.0,0.0
PGP120abcpp,0.0,0.0,0.0
PGP140abcpp,0.0,0.0,0.0
PGP141abcpp,0.0,0.0,0.0
PGP160abcpp,0.0,0.0,0.0
PGP161abcpp,0.0,0.0,0.0
PGP180abcpp,0.0,0.0,0.0
PGP181abcpp,0.0,0.0,0.0
PHEMEabcpp,0.0,0.0,0.0
PHEMEtiex,0.0,0.0,0.0
PHEt2rpp,0.0,0.0,0.0
PNTOt4pp,0.0,0.0,0.0
PROabcpp,0.0,0.0,0.0
PROGLYabcpp,0.0,0.0,0.0
PROt3pp,0.0,0.0,0.0
PROt4pp,0.0,0.0,0.0
PSERtex,0.0,0.0,0.0
PTRCORNt7pp,0.0,0.0,0.0
PTRCt2pp,0.0,0.0,0.0
PYDXtpp,0.0,0.0,0.0
PYRt2rpp,0.0,0.0,0.0
RIBabcpp,0.0,0.0,0.0
SBTptspp,0.0,0.0,0.0
SERabcpp,0.0,0.0,0.0
SERt3pp,0.0,0.0,0.0
SKMt2pp,0.0,0.0,0.0
SPMDabcpp,0.0,0.0,0.0
SPMDt3pp,0.0,0.0,0.0
SUCCt2_2pp,0.0,0.0,0.0
SUCCt2_3pp,0.0,0.0,0.0
SUCCt3pp,0.0,0.0,0.0
SUCptspp,0.0,0.0,0.0
THMabcpp,0.0,0.0,0.0
THMDt2pp,0.0,1000.0,1000.0
THMDt2rpp,0.0,0.0,0.0
THRabcpp,0.0,0.0,0.0
THRt2pp,0.0,0.0,0.0
TREabcpp,0.0,0.0,0.0
TREptsp,0.0,0.0,0.0
TREptspp,0.0,0.0,0.0
TRPabcpp,0.0,0.0,0.0
TRPt2rpp,0.0,0.0,0.0
TYRt2rpp,0.0,0.0,0.0
URAt2pp,0.0,1000.0,1000.0
URAt2rpp,0.0,0.0,0.0
UREAtpp,0.0,0.0,0.0
URIt2pp,0.0,1000.0,1000.0
URIt2rpp,0.0,0.0,0.0
VALt2rpp,0.0,0.0,0.0
XANt2pp,0.0,0.0,0.0
XANtpp,0.0,0.0,0.0
XTSNt2rpp,0.0,0.0,0.0
XYLUt2pp,0.0,0.0,0.0
CO2tpp,13.359158395764293,13.359158395765244,9.50350909079134e-13
FORt2pp,0.0,0.0,0.0
Biotinabcpp,0.0,0.0,0.0
Biotint3pp,0.0,0.0,0.0
Biotintpp,1.3735210951899266e-06,1.3735227436490736e-06,1.6484591469634324e-12
ALATRS,0.0,0.0,0.0
ARGTRS,0.0,0.0,0.0
ASNTRS,0.0,0.0,0.0
ASPTRS,0.0,0.0,0.0
CYSTRS,0.0,0.0,0.0
FMETTRS,0.0,0.0,0.0
GLNTRS,0.0,0.0,0.0
GLUTRS,0.0,0.0,0.0
GLYTRS,0.0,0.0,0.0
HISTRS,0.0,0.0,0.0
ILETRS,0.0,0.0,0.0
LEUTRS,0.0,0.0,0.0
LYSTRS,0.0,0.0,0.0
METTRS,0.0,0.0,0.0
PHETRS,0.0,0.0,0.0
PROTRS,0.0,0.0,0.0
SERTRS,0.0,0.0,0.0
SERTRS2,0.0,0.0,0.0
THRTRS,0.0,0.0,0.0
TRPTRS,0.0,0.0,0.0
TYRTRS,0.0,0.0,0.0
VALTRS,0.0,0.0,0.0
ANPRT,0.01745686245295505,0.01745686245288339,-7.165795734564995e-14
ANS,0.01745686245295505,0.01745686245288339,-7.165795734564995e-14
CHORM,0.13044787948306505,0.13044787948299252,-7.252531908363835e-14
CHORS,0.14805817829015055,0.14805817829007803,-7.252531908363835e-14
DDPA,0.14805817829015055,0.14805817829007803,-7.252531908363835e-14
DHQS,0.14805817829015055,0.14805817829007803,-7.252531908363835e-14
DHQTi,0.14805817829015055,0.14805817829007803,-7.252531908363835e-14
IGPS,0.017456862399067487,0.01745686245288339,5.381590312270035e-11
PHETA1,0.08125237433603186,0.0812523743359623,-6.955547249276606e-14
PPND,0.0491955051470332,0.04919550514696066,-7.253919687144617e-14
PPNDH,0.08125237433603186,0.0812523743359623,-6.955547249276606e-14
PRAIi,0.01745686245295505,0.01745686245288339,-7.165795734564995e-14
PSCVT,0.14805817829015055,0.14805817829007803,-7.252531908363835e-14
SHK3Dr,0.14805817829015055,0.14805817829007803,-7.252531908363835e-14
SHKK,0.14805817829015055,0.14805817829007803,-7.252531908363835e-14
TRPS1,0.0,0.017456862452898205,0.017456862452898205
TRPS2,0.0,0.017456862452898205,0.017456862452898205
TRPS3,0.0,0.01745686245288339,0.01745686245288339
TYRRRpp,0.0,0.0,0.0
TYRTA,0.0491955051470332,0.04919550514696066,-7.253919687144617e-14
INPSHE,0.0,0.0,0.0
AGPSC,0.02010884968421305,0.02010884968421305,0.0
ARATH,0.057053515923318074,0.057053515923318074,0.0
ATPM,0.0,0.0,0.0
DNA,0.0060056332550861135,0.0060056332550861135,0.0
FREENTCO,0.22707251610325843,0.22707251610325843,0.0
IONS,0.035966749149612925,0.035966749149612925,0.0
MYCOLI,0.06125861524292842,0.06125861524292842,0.0
PA,0.02010884968421305,0.02010884968421305,0.0
PEPTH,0.057053515923318074,0.057053515923318074,0.0
PPTHTH,0.016815773114241116,0.016815773114241116,0.0
RNA,0.03002816627543057,0.03002816627543057,0.0
PROTEIN,0.3122929292644779,0.3122929292644779,0.0
SOL_POOL,0.0015485169865616648,0.0015485169865616648,0.0
ACHBS,0.11965815877697734,0.1196581587768835,-9.384160115644136e-14
ACLS,0.39650509762628383,0.39650509762615244,-1.3139489496438728e-13
DHAD1,0.39650509762628383,0.39650509762615244,-1.3139489496438728e-13
DHAD2,0.11965815877697734,0.1196581587768835,-9.384160115644136e-14
ILETA,0.11965815877697734,0.1196581587768835,-9.384160115644136e-14
IPMD,0.22281163624232705,0.22281163624222242,-1.04638520070921e-13
IPPMIa,0.0,0.0,0.0
IPPMIb,0.0,0.0,0.0
IPPS,0.22281163624232705,0.22281163624222242,-1.04638520070921e-13
KARA1,0.0,0.0,0.0
KARA2,0.11965815877697734,0.1196581587768835,-9.384160115644136e-14
OMCDC,0.22281163624232705,0.22281163624222242,-1.04638520070921e-13
THRD_L,0.11965815877697734,0.1196581587768835,-9.384160115644136e-14
VALTA,0.0,0.17329759230731268,0.17329759230731268
LEUTAi,0.22281163624232705,0.22281163624222242,-1.04638520070921e-13
