gene_id	normalized_counts
Cgl3099	1604.35
Cgl3098	591.8
Cgl3097	656.89
Cgl3096	219.02
Cgl3095	357.77
Cgl3094	219.14
Cgl3093	54.2
Cgl3092	929.14
Cgl3091	905
Cgl3090	790.8
Cgl3089	7.03
Cgl3088	42.27
Cgl3087	49.82
Cgl3086	141.27
Cgl3085	134.15
Cgl3084	232.98
Cgl3083	152.59
Cgl3082	61.8
Cgl3081	2473.81
Cgl3080	57.29
Cgl3079	519.14
Cgl3078	91.83
Cgl3077	35.77
Cgl3076	13.49
Cgl3075	8.7
Cgl3074	21.05
Cgl3073	1676.83
Cgl3072	3.48
Cgl3071	9.83
Cgl3070	550.78
Cgl3069	42.12
Cgl3068	14.64
Cgl3067	59.34
Cgl3066	57.47
Cgl3065	7.79
Cgl3064	4.21
Cgl3063	14.36
Cgl3062	30.74
Cgl3061	39.24
Cgl3060	79.14
Cgl3059	61.74
Cgl3058	57.49
Cgl3057	94.16
Cgl3056	81.93
Cgl3055	57.72
Cgl3053	70.17
Cgl3052	422.78
Cgl3051	13.32
Cgl3049	18.17
Cgl3048	24.61
Cgl3047	18.2
Cgl3046	514.3
Cgl3045	571.56
Cgl3044	144.5
Cgl3043	973.08
Cgl3042	123.28
Cgl3041	24.53
Cgl3040	76.33
Cgl3039	27.08
Cgl3038	58.71
Cgl3037	566.65
Cgl3036	341.58
Cgl3035	69.25
Cgl3034	61.18
Cgl3033	50.1
Cgl3032	78.4
Cgl3031	143.86
Cgl3030	15.55
Cgl3029	72.65
Cgl3028	173.52
Cgl3027	137.34
Cgl3026	1.54
Cgl3025	1.37
Cgl3024	12.06
Cgl3023	13.95
Cgl3022	98.7
Cgl3021	64.1
Cgl3020	64.6
Cgl3019	26.68
Cgl3018	201.71
Cgl3017	45.66
Cgl3016	43.39
Cgl3015	3382.24
Cgl3014	178.13
Cgl3013	73.56
Cgl3012	93.14
Cgl3011	59.7
Cgl3010	132.41
Cgl3009	82.88
Cgl3008	55.09
Cgl3007	116.03
Cgl3006	16.49
Cgl3004	94.46
Cgl3003	100.41
Cgl3002	58
Cgl3001	35.55
Cgl3000	68.82
Cgl2999	5013.35
Cgl2998	96.45
Cgl2997	228.16
Cgl2996	295.19
Cgl2995	17.92
Cgl2994	15.01
Cgl2993	17.81
Cgl2992	247.71
Cgl2991	460.95
Cgl2990	204.12
Cgl2989	190.72
Cgl2988	220.4
Cgl2987	104.95
Cgl2986	118.49
Cgl2985	59.84
Cgl2984	49.94
Cgl2983	2407.64
Cgl2982	3089.5
Cgl2981	2334.52
Cgl2980	180.09
Cgl2979	5941.95
Cgl2978	116.25
Cgl2977	257.86
Cgl2976	1022.11
Cgl2974	5.7
Cgl2973	0
Cgl2972	14.15
Cgl2971	66.97
Cgl2970	1.86
Cgl2969	2.3
Cgl2968	8.81
Cgl2967	6.55
Cgl2966	16.21
Cgl2965	4.25
Cgl2964	5.71
Cgl2963	457.83
Cgl2962	617.45
Cgl2961	1336.58
Cgl2960	165.41
Cgl2959	230.04
Cgl2958	153.44
Cgl2955	210.71
Cgl2954	104.21
Cgl2953	55.24
Cgl2952	9.15
Cgl2951	1.02
Cgl2950	2.92
Cgl2949	407.04
Cgl2948	236.82
Cgl2947	59.13
Cgl2946	0
Cgl2945	15.16
Cgl2944	304.73
Cgl2943	807.88
Cgl2942	1035.84
Cgl2941	47.21
Cgl2940	111.43
Cgl2939	135.33
Cgl2938	50.8
Cgl2937	58.06
Cgl2936	14.91
Cgl2935	0.09
Cgl2934	14.44
Cgl2933	8.72
Cgl2932	295.45
Cgl2931	30.27
Cgl2930	26.77
Cgl2929	15.31
Cgl2928	16.4
Cgl2927	1912.86
Cgl2926	464.58
Cgl2925	1.02
Cgl2924	79.52
Cgl2923	64.28
Cgl2922	6.97
Cgl2921	9.9
Cgl2920	35.58
Cgl2919	48.3
Cgl2918	1690.95
Cgl2917	1083.16
Cgl2916	19.46
Cgl2915	80.54
Cgl2914	199.77
Cgl2913	39.6
Cgl2912	7.45
Cgl2911	1614.52
Cgl2910	133.81
Cgl2908	196.86
Cgl2907	43.17
Cgl2906	418.79
Cgl2905	100.95
Cgl2904	170.32
Cgl2903	181.99
Cgl2902	79.56
Cgl2901	18.76
Cgl2900	42.79
Cgl2899	45.09
Cgl2898	95.43
Cgl2897	38.2
Cgl2896	160.25
Cgl2895	174.53
Cgl2894	88.35
Cgl2893	300.92
Cgl2892	151.6
Cgl2891	36.14
Cgl2890	124.25
Cgl2889	118.11
Cgl2888	242.54
Cgl2887	83.1
Cgl2885	17.6
Cgl2884	5.05
Cgl2883	180.98
Cgl2882	127.72
Cgl2881	158.25
Cgl2880	89.92
Cgl2879	60.72
Cgl2878	2237.11
Cgl2876	1.58
Cgl2875	968.09
Cgl2874	698.13
Cgl2873	435.61
Cgl2872	891.04
Cgl2871	227.33
Cgl2870	501.42
Cgl2869	74.01
Cgl2868	50.1
Cgl2867	152.55
Cgl2866	247.43
Cgl2865	129.92
Cgl2864	23.53
Cgl2863	270.33
Cgl2862	34.13
Cgl2861	21.48
Cgl2860	46.51
Cgl2859	46.91
Cgl2858	19.19
Cgl2857	62.77
Cgl2856	13.83
Cgl2855	18.22
Cgl2854	381.83
Cgl2853	267.8
Cgl2852	7.45
Cgl2851	75.17
Cgl2850	3.28
Cgl2848	248.68
Cgl2847	126.04
Cgl2846	51.23
Cgl2844	521.4
Cgl2843	34.62
Cgl2842	4.68
Cgl2841	8.11
Cgl2840	61.58
Cgl2839	131.76
Cgl2838	216.93
Cgl2837	33.87
Cgl2836	37.33
Cgl2835	30.87
Cgl2834	119.09
Cgl2833	29.97
Cgl2832	22.95
Cgl2831	12.24
Cgl2830	162.54
Cgl2829	107.92
Cgl2828	13.22
Cgl2827	17.78
Cgl2826	25.51
Cgl2825	7.03
Cgl2824	6.58
Cgl2823	6.62
Cgl2822	4.45
Cgl2821	41.54
Cgl2820	45.55
Cgl2819	144.58
Cgl2818	5291.67
Cgl2817	4795.41
Cgl2816	4442.03
Cgl2815	3441.69
Cgl2814	3653.22
Cgl2813	4151.1
Cgl2812	3887.25
Cgl2811	66.53
Cgl2810	11.36
Cgl2809	3.74
Cgl2808	12.94
Cgl2807	50.94
Cgl2806	27.47
Cgl2805	23.21
Cgl2804	17.86
Cgl2803	13.21
Cgl2802	42.08
Cgl2801	99.19
Cgl2800	107.02
Cgl2799	118
Cgl2798	78.17
Cgl2797	70.72
Cgl2796	548.94
Cgl2795	58.47
Cgl2794	4.44
Cgl2793	195.25
Cgl2792	137.52
Cgl2791	65.92
Cgl2790	32.92
Cgl2789	32.7
Cgl2788	74.6
Cgl2787	11.18
Cgl2786	11.54
Cgl2785	115.8
Cgl2784	11.32
Cgl2783	16.1
Cgl2782	26.79
Cgl2781	10.15
Cgl2780	106.06
Cgl2779	118.83
Cgl2778	26.28
Cgl2777	66.22
Cgl2776	8.89
Cgl2775	31.07
Cgl2774	126.04
Cgl2773	242.35
Cgl2772	127.69
Cgl2771	348.96
Cgl2770	1266.9
Cgl2769	76.33
Cgl2768	74.22
Cgl2767	56.35
Cgl2766	276.86
Cgl2764	124.89
Cgl2763	87.29
Cgl2762	110.52
Cgl2761	11.12
Cgl2760	436.15
Cgl2759	135.39
Cgl2758	110.2
Cgl2757	46.39
Cgl2756	16.59
Cgl2755	360.53
Cgl2754	137.68
Cgl2753	483.62
Cgl2752	425.71
Cgl2751	132.79
Cgl2750	278.21
Cgl2749	311.8
Cgl2748	184.12
Cgl2747	239.12
Cgl2746	214.15
Cgl2745	170.66
Cgl2744	124.96
Cgl2743	31.07
Cgl2742	36.24
Cgl2741	138.18
Cgl2740	30.43
Cgl2739	67.32
Cgl2738	139.84
Cgl2737	395.45
Cgl2736	210.7
Cgl2735	122.86
Cgl2734	147.7
Cgl2733	214.54
Cgl2732	272.6
Cgl2731	214.33
Cgl2730	418.36
Cgl2729	209.99
Cgl2727	203.42
Cgl2726	175
Cgl2725	109.75
Cgl2724	81.37
Cgl2723	192.86
Cgl2722	140.51
Cgl2721	64.34
Cgl2720	42.2
Cgl2719	110.74
Cgl2718	84.44
Cgl2717	16.33
Cgl2716	88.68
Cgl2715	6044.65
Cgl2714	426.8
Cgl2713	35.44
Cgl2712	30.04
Cgl2711	53.61
Cgl2710	121.65
Cgl2709	110.12
Cgl2708	4.61
Cgl2707	7.07
Cgl2706	128.86
Cgl2705	90.22
Cgl2704	95.32
Cgl2703	58.07
Cgl2702	18.21
Cgl2700	318.11
Cgl2699	26.55
Cgl2698	8.41
Cgl2697	601.74
Cgl2696	402.62
Cgl2695	271.58
Cgl2694	189.1
Cgl2693	147.41
Cgl2692	153.02
Cgl2691	113.27
Cgl2690	409.07
Cgl2689	118.36
Cgl2688	91.75
Cgl2687	308.36
Cgl2686	9.73
Cgl2685	5.65
Cgl2684	66.29
Cgl2683	114.98
Cgl2682	80.21
Cgl2681	12.52
Cgl2680	38.26
Cgl2679	77.79
Cgl2678	266.53
Cgl2677	92.8
Cgl2676	62.97
Cgl2675	45.08
Cgl2674	1571.59
Cgl2673	191.28
Cgl2672	50.12
Cgl2671	25.62
Cgl2670	457.85
Cgl2668	44.74
Cgl2667	378.77
Cgl2666	77.08
Cgl2665	44.63
Cgl2664	473.04
Cgl2663	24.13
Cgl2662	27.67
Cgl2661	283.91
Cgl2660	265.57
Cgl2659	154.38
Cgl2658	32.26
Cgl2657	20.93
Cgl2656	2.32
Cgl2655	25.17
Cgl2654	32.43
Cgl2653	25.33
Cgl2652	45.15
Cgl2651	40.56
Cgl2650	20.23
Cgl2648	20
Cgl2647	39.53
Cgl2646	11.78
Cgl2645	46.63
Cgl2644	71.01
Cgl2643	365.1
Cgl2642	3762.83
Cgl2641	1530.1
Cgl2640	396.71
Cgl2639	45.93
Cgl2638	6.53
Cgl2637	3.18
Cgl2636	1.49
Cgl2635	1.27
Cgl2634	1.63
Cgl2633	1.31
Cgl2632	1.96
Cgl2630	12.98
Cgl2629	22.01
Cgl2628	9.42
Cgl2627	140.36
Cgl2626	277.39
Cgl2625	44.52
Cgl2624	109.6
Cgl2623	714.9
Cgl2622	56.43
Cgl2621	6.27
Cgl2620	67.02
Cgl2619	653.82
Cgl2618	16.14
Cgl2617	247.23
Cgl2616	14.34
Cgl2615	2.66
Cgl2614	29.41
Cgl2613	58.24
Cgl2612	28.49
Cgl2611	3.75
Cgl2610	245.17
Cgl2609	134.88
Cgl2608	69.49
Cgl2607	1841.03
Cgl2606	760.39
Cgl2605	5.52
Cgl2604	1.75
Cgl2603	2.55
Cgl2602	12.16
Cgl2601	307.79
Cgl2600	213.13
Cgl2599	326.12
Cgl2598	253.92
Cgl2597	461.21
Cgl2596	76.25
Cgl2595	41.32
Cgl2594	17.17
Cgl2592	7.93
Cgl2591	192.57
Cgl2590	567.25
Cgl2589	507.61
Cgl2588	261.45
Cgl2587	173.97
Cgl2586	142.77
Cgl2585	48.58
Cgl2584	447.43
Cgl2583	517
Cgl2582	2724.77
Cgl2581	567.05
Cgl2580	124.67
Cgl2579	250.47
Cgl2578	140.02
Cgl2577	49.45
Cgl2576	142.42
Cgl2575	52.61
Cgl2574	9.87
Cgl2573	13.37
Cgl2572	19.35
Cgl2571	221.48
Cgl2570	93.82
Cgl2569	2682.91
Cgl2568	31.42
Cgl2567	173.64
Cgl2566	70.93
Cgl2565	80.2
Cgl2564	1211.86
Cgl2563	790.65
Cgl2562	4004.05
Cgl2560	141.56
Cgl2559	483.55
Cgl2558	200.9
Cgl2557	77.51
Cgl2556	3.23
Cgl2555	2.32
Cgl2554	5.06
Cgl2553	137.51
Cgl2552	122.74
Cgl2551	81.37
Cgl2550	49.14
Cgl2548	11.07
Cgl2547	56.06
Cgl2546	115.19
Cgl2545	20.98
Cgl2544	47.06
Cgl2543	12.61
Cgl2542	17.51
Cgl2541	124.54
Cgl2540	719.36
Cgl2539	135.49
Cgl2538	97.57
Cgl2537	172.1
Cgl2536	351.65
Cgl2535	87.2
Cgl2534	227.22
Cgl2532	1116.34
Cgl2531	253.65
Cgl2530	223.2
Cgl2528	3.15
Cgl2527	198.19
Cgl2526	18325.02
Cgl2525	182.09
Cgl2523	1585.86
Cgl2522	272.57
Cgl2521	182.31
Cgl2520	127.61
Cgl2519	56.39
Cgl2518	70.79
Cgl2517	219.05
Cgl2516	129.52
Cgl2515	181.15
Cgl2514	165.12
Cgl2513	109.49
Cgl2512	178.24
Cgl2511	295.33
Cgl2510	50.05
Cgl2509	133.07
Cgl2508	86.85
Cgl2507	18.28
Cgl2505	129.76
Cgl2504	11.08
Cgl2503	9.56
Cgl2502	4.9
Cgl2501	288.51
Cgl2500	281.54
Cgl2499	153.34
Cgl2498	305.31
Cgl2497	308.98
Cgl2496	14.01
Cgl2495	140.51
Cgl2494	23.02
Cgl2493	26.36
Cgl2492	19.66
Cgl2491	44.92
Cgl2490	191.06
Cgl2489	454.6
Cgl2488	238.64
Cgl2487	174.01
Cgl2486	0.21
Cgl2485	35.47
Cgl2484	9.49
Cgl2482	74.46
Cgl2481	65.37
Cgl2480	4.31
Cgl2477	4.54
Cgl2476	37.08
Cgl2475	326.12
Cgl2474	35.7
Cgl2473	115.14
Cgl2472	126.65
Cgl2471	42.49
Cgl2470	38.35
Cgl2468	4.27
Cgl2467	13.95
Cgl2466	0.31
Cgl2464	4.54
Cgl2463	1979.46
Cgl2462	822.59
Cgl2461	6011.69
Cgl2460	1412.51
Cgl2459	861.67
Cgl2458	352.42
Cgl2457	1.9
Cgl2456	57.6
Cgl2455	12.92
Cgl2454	890.86
Cgl2453	30.06
Cgl2452	18.49
Cgl2451	182.37
Cgl2450	101.56
Cgl2449	18.07
Cgl2448	29.93
Cgl2447	51.69
Cgl2446	959.63
Cgl2445	384.72
Cgl2444	104.81
Cgl2443	232.45
Cgl2442	0.61
Cgl2441	103.94
Cgl2440	125.65
Cgl2439	714.47
Cgl2438	777.47
Cgl2437	798.61
Cgl2436	788.96
Cgl2435	833.01
Cgl2434	34.87
Cgl2433	19.62
Cgl2432	9.51
Cgl2431	5.78
Cgl2430	53.5
Cgl2429	26.65
Cgl2428	84.48
Cgl2427	16.83
Cgl2426	254.37
Cgl2425	678.38
Cgl2424	6.58
Cgl2423	203.57
Cgl2422	483.49
Cgl2420	0
Cgl2419	1
Cgl2418	838.43
Cgl2417	4.54
Cgl2416	9.2
Cgl2415	11.89
Cgl2414	644.71
Cgl2412	523.75
Cgl2411	623.5
Cgl2410	5.29
Cgl2409	4.03
Cgl2408	19.71
Cgl2407	7.54
Cgl2406	1.75
Cgl2405	2.79
Cgl2404	1.72
Cgl2402	43.13
Cgl2401	15.87
Cgl2400	36.41
Cgl2399	6.68
Cgl2398	3880.23
Cgl2397	4824.28
Cgl2396	2235.86
Cgl2395	1407.87
Cgl2394	43.87
Cgl2393	346.42
Cgl2392	198.9
Cgl2391	182.36
Cgl2390	950.08
Cgl2389	839.28
Cgl2388	67.01
Cgl2387	483.81
Cgl2386	76.99
Cgl2385	192.63
Cgl2384	380.36
Cgl2383	3.7
Cgl2382	55.99
Cgl2381	81.23
Cgl2380	492.44
Cgl2379	198.9
Cgl2378	227.41
Cgl2377	28.37
Cgl2376	257.34
Cgl2375	221.62
Cgl2374	496.11
Cgl2373	81.13
Cgl2372	96.27
Cgl2371	53.89
Cgl2370	877.67
Cgl2369	17.74
Cgl2368	36.55
Cgl2367	0
Cgl2366	46.34
Cgl2365	54.62
Cgl2364	104.17
Cgl2363	3735.33
Cgl2362	1493.18
Cgl2360	125.41
Cgl2359	421.78
Cgl2358	58.62
Cgl2357	300.99
Cgl2356	286.69
Cgl2355	266.33
Cgl2354	297.07
Cgl2353	66.25
Cgl2352	61.1
Cgl2351	298.98
Cgl2350	262.13
Cgl2349	136.86
Cgl2348	11.85
Cgl2347	7.95
Cgl2346	73.17
Cgl2345	264.35
Cgl2344	183.1
Cgl2343	1407.27
Cgl2342	485.17
Cgl2341	213.42
Cgl2340	1.39
Cgl2339	0.39
Cgl2338	5.52
Cgl2337	40.48
Cgl2336	23.94
Cgl2335	64.76
Cgl2334	79.17
Cgl2333	45.23
Cgl2332	155.94
Cgl2331	12.64
Cgl2329	133.04
Cgl2328	395.39
Cgl2327	14.01
Cgl2326	5.37
Cgl2325	27.73
Cgl2324	121.78
Cgl2323	41.9
Cgl2322	36.85
Cgl2321	52.77
Cgl2320	80.41
Cgl2319	4.84
Cgl2318	3.67
Cgl2317	2.38
Cgl2316	59.68
Cgl2315	4
Cgl2314	50.43
Cgl2313	46.01
Cgl2312	407.99
Cgl2311	280.65
Cgl2310	142.21
Cgl2309	266.6
Cgl2308	144.69
Cgl2307	17.39
Cgl2306	3.27
Cgl2305	159.49
Cgl2304	69.84
Cgl2303	142.28
Cgl2302	25.11
Cgl2301	58.14
Cgl2300	362.85
Cgl2299	216.45
Cgl2298	106.58
Cgl2297	1042.76
Cgl2296	237.79
Cgl2295	175.68
Cgl2294	265.64
Cgl2293	425.57
Cgl2292	35.41
Cgl2291	253.69
Cgl2290	167.73
Cgl2289	176.66
Cgl2288	161.43
Cgl2287	152.85
Cgl2286	56.63
Cgl2285	658.47
Cgl2284	276.02
Cgl2283	162.51
Cgl2282	54.24
Cgl2281	0.47
Cgl2280	452.34
Cgl2279	301.48
Cgl2278	365.04
Cgl2277	293.44
Cgl2276	134.79
Cgl2275	114.99
Cgl2274	90.27
Cgl2273	60.67
Cgl2272	1.94
Cgl2271	278.8
Cgl2270	91.19
Cgl2269	137.96
Cgl2268	82.35
Cgl2267	232.68
Cgl2266	193.98
Cgl2265	3.59
Cgl2264	55.35
Cgl2263	5.76
Cgl2262	35.84
Cgl2261	18.98
Cgl2260	27.82
Cgl2259	215.17
Cgl2258	4662.66
Cgl2257	194.14
Cgl2256	537.75
Cgl2255	266.62
Cgl2254	25.16
Cgl2253	6.22
Cgl2252	291.5
Cgl2251	197.35
Cgl2250	143.03
Cgl2249	166.86
Cgl2248	1410.13
Cgl2247	2.35
Cgl2246	920.91
Cgl2245	37.6
Cgl2244	98.38
Cgl2241	262.47
Cgl2240	334.75
Cgl2239	137.14
Cgl2238	70.79
Cgl2237	170.47
Cgl2236	145.9
Cgl2235	0
Cgl2234	178.62
Cgl2233	20.53
Cgl2232	372.86
Cgl2231	97.69
Cgl2230	4.56
Cgl2229	95.06
Cgl2228	59.5
Cgl2227	6.99
Cgl2226	201.46
Cgl2225	49.56
Cgl2224	40.6
Cgl2223	29.11
Cgl2222	119.93
Cgl2221	294.03
Cgl2220	190.29
Cgl2219	118.53
Cgl2218	35.46
Cgl2217	31.22
Cgl2216	50.98
Cgl2215	157.15
Cgl2214	1199.32
Cgl2213	214.54
Cgl2211	94.48
Cgl2210	594.39
Cgl2209	637.51
Cgl2208	263.86
Cgl2207	685.49
Cgl2206	144.02
Cgl2205	139.1
Cgl2204	139.84
Cgl2203	288.06
Cgl2201	30.35
Cgl2200	122.77
Cgl2199	63.26
Cgl2198	154.55
Cgl2197	2307.7
Cgl2196	117.97
Cgl2195	975.06
Cgl2194	544.38
Cgl2193	12.54
Cgl2192	893.58
Cgl2191	657.99
Cgl2190	569.6
Cgl2189	498.08
Cgl2188	1784.66
Cgl2187	148.8
Cgl2186	119.68
Cgl2185	64.03
Cgl2184	206.45
Cgl2183	71.98
Cgl2182	45.05
Cgl2180	46.63
Cgl2179	93.59
Cgl2178	324.78
Cgl2177	28.27
Cgl2176	49.83
Cgl2175	158.55
Cgl2174	254.62
Cgl2173	53.43
Cgl2172	64.82
Cgl2171	456.82
Cgl2170	99.67
Cgl2169	95.66
Cgl2168	1629.99
Cgl2167	1989.38
Cgl2166	672.86
Cgl2165	968.71
Cgl2164	253.43
Cgl2163	226.92
Cgl2162	194.79
Cgl2161	159.88
Cgl2160	85.36
Cgl2159	157.23
Cgl2158	307.58
Cgl2157	268.26
Cgl2156	173.89
Cgl2155	679.97
Cgl2154	94.3
Cgl2153	159.3
Cgl2152	1329.72
Cgl2151	450.33
Cgl2150	1363.1
Cgl2149	47.07
Cgl2148	163.94
Cgl2147	4.03
Cgl2146	29.84
Cgl2145	18.47
Cgl2144	26.78
Cgl2143	111.93
Cgl2142	305.98
Cgl2141	61.93
Cgl2140	71.59
Cgl2139	252.31
Cgl2138	161.08
Cgl2137	78.36
Cgl2136	79.25
Cgl2135	115.9
Cgl2134	499.84
Cgl2133	72.45
Cgl2132	104.92
Cgl2131	94.06
Cgl2130	386.05
Cgl2129	847.36
Cgl2128	396.55
Cgl2127	376.88
Cgl2126	36.02
Cgl2125	256.72
Cgl2124	284.39
Cgl2123	296.79
Cgl2122	36.13
Cgl2121	44.84
Cgl2120	40.85
Cgl2119	56.2
Cgl2118	113.32
Cgl2117	23.66
Cgl2116	90.07
Cgl2115	766.7
Cgl2114	171.81
Cgl2113	24.64
Cgl2112	20.74
Cgl2111	40.92
Cgl2110	1.87
Cgl2109	4.74
Cgl2108	43.22
Cgl2107	174.1
Cgl2106	67.21
Cgl2105	1384.02
Cgl2104	234.1
Cgl2103	122.14
Cgl2102	229.81
Cgl2101	125.28
Cgl2100	269.69
Cgl2099	217.06
Cgl2098	51.72
Cgl2097	573.97
Cgl2096	339.39
Cgl2095	268.51
Cgl2094	179.6
Cgl2093	269.54
Cgl2092	170.53
Cgl2091	137.26
Cgl2090	113.77
Cgl2089	1905.51
Cgl2088	56.76
Cgl2087	7.98
Cgl2086	5.17
Cgl2085	1.27
Cgl2084	2.11
Cgl2083	155.4
Cgl2082	50.51
Cgl2081	370.83
Cgl2080	80.57
Cgl2079	1276.47
Cgl2078	16.35
Cgl2077	18.01
Cgl2076	133.53
Cgl2075	210.42
Cgl2074	109.89
Cgl2073	48.36
Cgl2072	12.13
Cgl2071	8.48
Cgl2069	3.46
Cgl2068	55.82
Cgl2067	33.1
Cgl2066	39.89
Cgl2065	38.65
Cgl2064	98.39
Cgl2062	101.93
Cgl2061	407.57
Cgl2060	401.63
Cgl2059	105.03
Cgl2058	445.29
Cgl2057	17.91
Cgl2056	8.01
Cgl2055	114.91
Cgl2054	1051.72
Cgl2053	71.25
Cgl2052	95.51
Cgl2051	134.39
Cgl2050	90.44
Cgl2049	83.04
Cgl2048	343.03
Cgl2046	7.07
Cgl2045	5.34
Cgl2044	10.08
Cgl2043	72.06
Cgl2042	156.11
Cgl2041	481.29
Cgl2040	415.21
Cgl2039	696.35
Cgl2038	612.48
Cgl2037	1327.25
Cgl2035	0.65
Cgl2034	121.9
Cgl2033	36.35
Cgl2032	163.3
Cgl2031	6.18
Cgl2030	5.75
Cgl2029	4.59
Cgl2028	41.46
Cgl2027	3.23
Cgl2026	3352.4
Cgl2025	796.32
Cgl2024	619.67
Cgl2023	796.5
Cgl2022	211.84
Cgl2020	360.36
Cgl2019	113.79
Cgl2018	48.35
Cgl2017	720.22
Cgl2016	43.81
Cgl2015	75.62
Cgl2014	389.93
Cgl2012	2.98
Cgl2011	3.69
Cgl2010	10.44
Cgl2009	30.06
Cgl2008	121.31
Cgl2007	339.61
Cgl2006	174.88
Cgl2005	5205.71
Cgl2004	8533.75
Cgl2003	145.31
Cgl2002	129.27
Cgl2001	422.74
Cgl2000	88.88
Cgl1999	58.88
Cgl1998	162.27
Cgl1997	60.18
Cgl1996	32.04
Cgl1995	43.2
Cgl1994	149.42
Cgl1993	307.45
Cgl1992	252.66
Cgl1991	204.26
Cgl1990	400.38
Cgl1989	71.34
Cgl1988	72.63
Cgl1987	277.81
Cgl1986	2450.63
Cgl1985	962.08
Cgl1984	366.47
Cgl1983	267.71
Cgl1982	66.52
Cgl1981	169.4
Cgl1980	125.49
Cgl1979	47.3
Cgl1978	122.78
Cgl1977	131.72
Cgl1976	3395.66
Cgl1975	1060.09
Cgl1974	51.46
Cgl1973	164.55
Cgl1972	70.83
Cgl1971	631.46
Cgl1970	624.98
Cgl1969	29.55
Cgl1968	114.9
Cgl1967	1014.48
Cgl1965	604.83
Cgl1964	106.6
Cgl1963	197.27
Cgl1962	731.7
Cgl1961	693.59
Cgl1960	14.77
Cgl1959	30.65
Cgl1958	13.96
Cgl1957	12.31
Cgl1956	91.86
Cgl1955	48.39
Cgl1954	9.34
Cgl1953	240.13
Cgl1952	447.74
Cgl1951	978.19
Cgl1950	1474.44
Cgl1949	114.05
Cgl1948	148.91
Cgl1947	55.27
Cgl1945	41.63
Cgl1944	52.2
Cgl1943	116.6
Cgl1942	177.3
Cgl1941	306.91
Cgl1940	177.61
Cgl1939	65.75
Cgl1938	188.83
Cgl1937	3251.39
Cgl1936	3250.84
Cgl1935	2743.73
Cgl1934	3558.29
Cgl1933	1687.6
Cgl1932	29.97
Cgl1931	31.38
Cgl1930	251.31
Cgl1929	23.2
Cgl1928	44.22
Cgl1927	56.2
Cgl1926	122.19
Cgl1925	133.9
Cgl1924	90.46
Cgl1923	805.74
Cgl1922	5.63
Cgl1921	270.24
Cgl1920	562.18
Cgl1919	970.03
Cgl1918	39.37
Cgl1917	80.78
Cgl1916	358.25
Cgl1915	70.63
Cgl1914	56.42
Cgl1913	107.99
Cgl1912	60.93
Cgl1911	542.76
Cgl1909	257.63
Cgl1908	497.75
Cgl1907	92.6
Cgl1906	47.13
Cgl1905	87.21
Cgl1904	241.37
Cgl1903	129.24
Cgl1902	123.08
Cgl1901	268.06
Cgl1900	423.02
Cgl1899	590.38
Cgl1898	439.93
Cgl1897	150.71
Cgl1896	65.3
Cgl1895	7.29
Cgl1894	3.94
Cgl1893	0.61
Cgl1892	3.46
Cgl1891	96.78
Cgl1886	3.29
Cgl1881	18.84
Cgl1847;Cgl1889	1.74
Cgl1846	2.88
Cgl1845	50.73
Cgl1844	4.7
Cgl1843	6.37
Cgl1842	17.44
Cgl1841	7.49
Cgl1840	40.96
Cgl1839	0.51
Cgl1838	23.99
Cgl1837	52.49
Cgl1836	118.35
Cgl1835	57.45
Cgl1834	18.51
Cgl1833	28.23
Cgl1832	524.99
Cgl1831	5760.81
Cgl1830	213.22
Cgl1829	2.75
Cgl1828	6.47
Cgl1827	2.57
Cgl1826	228.51
Cgl1825	338.42
Cgl1824	69.09
Cgl1823	401.79
Cgl1822	104.37
Cgl1821	45.51
Cgl1820	207.11
Cgl1819	165.59
Cgl1818	70.59
Cgl1817	75.61
Cgl1816	350.84
Cgl1815	21.42
Cgl1814	266.42
Cgl1813	279.56
Cgl1812	13.38
Cgl1811	95.4
Cgl1810	43.08
Cgl1809	66.58
Cgl1808	69.02
Cgl1807	31.66
Cgl1806	1478.3
Cgl1805	1355.65
Cgl1804	28.76
Cgl1803	9.16
Cgl1802	3.32
Cgl1801	11.58
Cgl1800	0.63
Cgl1799	18.83
Cgl1798	4.35
Cgl1797	4.55
Cgl1796	7.21
Cgl1795	9.13
Cgl1794	46.51
Cgl1793	13.78
Cgl1792	3.58
Cgl1791	10.27
Cgl1790	10
Cgl1789	10.82
Cgl1788	7.41
Cgl1787	33.52
Cgl1786	14.38
Cgl1784	25.44
Cgl1783	82.16
Cgl1782	39.09
Cgl1781	33.85
Cgl1780	14.67
Cgl1779	43.59
Cgl1778	87.09
Cgl1777	160.23
Cgl1776	256.47
Cgl1775	8.25
Cgl1774	4.26
Cgl1773	35.17
Cgl1772	263.87
Cgl1771	7.09
Cgl1770	5.2
Cgl1769	4.89
Cgl1768	3.85
Cgl1767	10.15
Cgl1766	2.44
Cgl1765	9.01
Cgl1762	0.44
Cgl1761	5.88
Cgl1760	3.9
Cgl1759	8.75
Cgl1758	5.94
Cgl1757	7.47
Cgl1756	8.17
Cgl1755	1.95
Cgl1754	6.42
Cgl1753	20.43
Cgl1751	4.49
Cgl1750	4.27
Cgl1749	3.52
Cgl1748	2.54
Cgl1747	1.62
Cgl1746	218.62
Cgl1745	0.71
Cgl1744	1.83
Cgl1743	6.57
Cgl1742	76.67
Cgl1741	1.03
Cgl1740	9.41
Cgl1739	3.01
Cgl1738	4.2
Cgl1737	19.78
Cgl1736	6.21
Cgl1735	2.05
Cgl1734	35.59
Cgl1733	8.89
Cgl1731	11.74
Cgl1730	14.43
Cgl1729	83.74
Cgl1728	37.94
Cgl1727	26.26
Cgl1726	40.35
Cgl1725	98.6
Cgl1724	6.59
Cgl1723	33.35
Cgl1722	139.01
Cgl1721	2.6
Cgl1720	48.24
Cgl1719	4.73
Cgl1718	231.54
Cgl1717	15.33
Cgl1716	0.25
Cgl1715	162.13
Cgl1714	45.52
Cgl1713	3.04
Cgl1712	5.05
Cgl1711	14.92
Cgl1710	37.25
Cgl1709	54.2
Cgl1708	2.06
Cgl1707	1.21
Cgl1706	3.48
Cgl1705	7.02
Cgl1704	0.69
Cgl1703	68.25
Cgl1702	113.54
Cgl1701	19.12
Cgl1700	3.67
Cgl1698	1.44
Cgl1697	2.93
Cgl1696	1179.51
Cgl1695	335.19
Cgl1694	20.82
Cgl1693	57.21
Cgl1692	175.46
Cgl1691	218.52
Cgl1690	464.2
Cgl1688	195.85
Cgl1687	457.07
Cgl1686	129.92
Cgl1685	1.38
Cgl1684	1.55
Cgl1683	1.24
Cgl1682	14.02
Cgl1681	18.74
Cgl1680	32.35
Cgl1679	205.34
Cgl1678	119.85
Cgl1677	4.85
Cgl1676	3.98
Cgl1675	5.73
Cgl1674	182.04
Cgl1673	114.37
Cgl1672	43.78
Cgl1671	327.65
Cgl1670	217.43
Cgl1669	129.2
Cgl1668	53.69
Cgl1667	32.32
Cgl1666	15.64
Cgl1665	139.48
Cgl1664	95.05
Cgl1663	468.95
Cgl1662	60.29
Cgl1661	49.23
Cgl1660	55.45
Cgl1659	237.31
Cgl1658	74.06
Cgl1657	122.51
Cgl1656	119.35
Cgl1654	235.23
Cgl1653	277.15
Cgl1652	157.78
Cgl1651	3275.8
Cgl1649	104.93
Cgl1648	146.96
Cgl1647	187.78
Cgl1646	92.48
Cgl1645	125.91
Cgl1644	6.45
Cgl1643	7.55
Cgl1642	6.83
Cgl1641	22.12
Cgl1640	5.5
Cgl1639	91.09
Cgl1638	62.07
Cgl1637	9.31
Cgl1636	411.2
Cgl1635	240.35
Cgl1634	297.35
Cgl1633	81.95
Cgl1632	282.81
Cgl1631	276.59
Cgl1630	240.38
Cgl1629	135.13
Cgl1628	11.51
Cgl1627	23.32
Cgl1626	16.57
Cgl1625	28.46
Cgl1624	3.9
Cgl1623	358.74
Cgl1622	209.86
Cgl1621	189.68
Cgl1620	191.57
Cgl1619	685.22
Cgl1618	572.12
Cgl1617	178.59
Cgl1616	179.97
Cgl1615	215.26
Cgl1614	68.72
Cgl1613	960.18
Cgl1612	397.16
Cgl1611	335.16
Cgl1610	447.87
Cgl1609	244.49
Cgl1608	158.74
Cgl1607	1835.2
Cgl1606	1362.41
Cgl1605	811.99
Cgl1604	101.52
Cgl1603	451.17
Cgl1602	48.9
Cgl1601	174.64
Cgl1600	137.56
Cgl1599	120.79
Cgl1598	329.02
Cgl1597	104.98
Cgl1596	150.52
Cgl1595	144.1
Cgl1594	114.54
Cgl1593	280.61
Cgl1592	28.09
Cgl1591	425
Cgl1590	383.2
Cgl1589	230.86
Cgl1588	9110.14
Cgl1587	1612.35
Cgl1586	1417.75
Cgl1585	691.63
Cgl1584	979.78
Cgl1583	79.54
Cgl1582	110.05
Cgl1581	191.8
Cgl1579	9.95
Cgl1578	202.68
Cgl1577	318.68
Cgl1576	291.91
Cgl1575	495.38
Cgl1574	950.9
Cgl1573	63
Cgl1572	109.4
Cgl1571	9.16
Cgl1569	74.6
Cgl1568	45.86
Cgl1567	119.66
Cgl1566	35.87
Cgl1565	5710.83
Cgl1564	4809.71
Cgl1563	4086.96
Cgl1562	4007.12
Cgl1561	3210.19
Cgl1560	3431.97
Cgl1559	3281.92
Cgl1558	48.53
Cgl1556	1.39
Cgl1555	2.62
Cgl1554	121.75
Cgl1553	3.06
Cgl1552	5.78
Cgl1551	3.26
Cgl1550	12.8
Cgl1548	57.7
Cgl1547	21.66
Cgl1546	58.79
Cgl1545	188
Cgl1544	245.25
Cgl1543	404.59
Cgl1542	624.73
Cgl1541	76.2
Cgl1540	1113.8
Cgl1539	34.17
Cgl1538	214.33
Cgl1537	677.96
Cgl1536	29.39
Cgl1535	44.46
Cgl1534	370.22
Cgl1533	353.88
Cgl1532	117.74
Cgl1531	19.64
Cgl1530	200.6
Cgl1529	156.13
Cgl1528	109.57
Cgl1527	72.91
Cgl1525	48.61
Cgl1524	44.24
Cgl1523	178.82
Cgl1522	511.91
Cgl1520	0.7
Cgl1519	33.38
Cgl1518	57.22
Cgl1517	24.77
Cgl1516	25.94
Cgl1515	122.46
Cgl1514	202.64
Cgl1513	339.19
Cgl1512	23.37
Cgl1511	43.16
Cgl1510	42.37
Cgl1509	41.61
Cgl1508	16.52
Cgl1507	984.66
Cgl1506	424.6
Cgl1505	763.7
Cgl1504	456.57
Cgl1503	56.88
Cgl1502	4.16
Cgl1501	164.63
Cgl1500	79.53
Cgl1499	156.96
Cgl1498	201.34
Cgl1497	342.12
Cgl1496	252.78
Cgl1495	376.98
Cgl1494	279.34
Cgl1493	141.3
Cgl1492	121.54
Cgl1491	1277.03
Cgl1490	247.12
Cgl1489	170.07
Cgl1488	46.02
Cgl1487	121.12
Cgl1486	107.15
Cgl1483	104.01
Cgl1482	1.9
Cgl1481	12.16
Cgl1480	223.43
Cgl1479	95.93
Cgl1478	253.42
Cgl1477	1212.3
Cgl1476	188
Cgl1475	182.28
Cgl1474	113.71
Cgl1473	84.62
Cgl1472	93.92
Cgl1471	819.14
Cgl1470	37.04
Cgl1469	77.31
Cgl1468	421.73
Cgl1467	65.41
Cgl1466	81.54
Cgl1465	1183.81
Cgl1464	547.98
Cgl1463	531.92
Cgl1462	10.04
Cgl1461	5.85
Cgl1460	5.77
Cgl1459	8.32
Cgl1458	16.77
Cgl1457	47.66
Cgl1456	92.31
Cgl1455	128.54
Cgl1454	103.46
Cgl1453	63.73
Cgl1452	1220.18
Cgl1451	1.01
Cgl1450	237.69
Cgl1449	139.68
Cgl1448	67.94
Cgl1447	34.67
Cgl1446	81.34
Cgl1445	147.05
Cgl1444	661.61
Cgl1443	193.49
Cgl1442	305.2
Cgl1441	1170.5
Cgl1440	89.73
Cgl1439	37.58
Cgl1438	36.9
Cgl1437	28.23
Cgl1436	89.37
Cgl1434	46.33
Cgl1433	119.98
Cgl1432	106.3
Cgl1431	117.4
Cgl1430	335.33
Cgl1429	96.5
Cgl1428	211.28
Cgl1427	247.4
Cgl1426	383.92
Cgl1425	120.08
Cgl1424	308.09
Cgl1423	103.11
Cgl1422	38.82
Cgl1421	141.47
Cgl1420	7.91
Cgl1419	83.74
Cgl1418	172.03
Cgl1417	82.99
Cgl1416	177.8
Cgl1415	196.56
Cgl1414	20.58
Cgl1413	157.96
Cgl1412	99.67
Cgl1411	245.71
Cgl1410	163.8
Cgl1409	179.76
Cgl1407	62.9
Cgl1406	239.74
Cgl1405	428.24
Cgl1404	158.84
Cgl1403	141.78
Cgl1402	124.39
Cgl1401	225.69
Cgl1400	410.59
Cgl1399	248.87
Cgl1398	341.51
Cgl1397	382.11
Cgl1396	300.72
Cgl1395	290.13
Cgl1394	418.16
Cgl1393	578.3
Cgl1392	157.85
Cgl1391	203.77
Cgl1390	251.05
Cgl1389	206.81
Cgl1388	125.13
Cgl1387	11.52
Cgl1386	8.36
Cgl1385	6.58
Cgl1384	2.75
Cgl1383	22.04
Cgl1382	37.67
Cgl1381	36.8
Cgl1380	1521.01
Cgl1379	1938.89
Cgl1378	2686.61
Cgl1377	60.42
Cgl1376	89.3
Cgl1375	189.43
Cgl1374	893.36
Cgl1373	113.07
Cgl1372	8.13
Cgl1371	136.77
Cgl1370	1109.82
Cgl1369	141.74
Cgl1368	53
Cgl1367	4.19
Cgl1366	8.1
Cgl1365	8.39
Cgl1364	70.69
Cgl1363	10.97
Cgl1362	37.52
Cgl1361	656.95
Cgl1360	2496.74
Cgl1359	1928.82
Cgl1358	23.26
Cgl1356	31.18
Cgl1355	21.5
Cgl1354	3.42
Cgl1353	188.54
Cgl1352	57.71
Cgl1351	33.41
Cgl1350	21.6
Cgl1349	14.05
Cgl1348	9.12
Cgl1347	159.19
Cgl1346	10.68
Cgl1345	6.44
Cgl1343	46.74
Cgl1342	8404.39
Cgl1341	594.03
Cgl1340	257.48
Cgl1339	107.64
Cgl1338	23.76
Cgl1337	0.82
Cgl1336	2.81
Cgl1334	120.06
Cgl1333	66.39
Cgl1332	116.76
Cgl1331	65.93
Cgl1330	34.21
Cgl1329	212.85
Cgl1328	170.23
Cgl1327	217.2
Cgl1326	61.68
Cgl1325	62.8
Cgl1324	30.8
Cgl1323	46.97
Cgl1322	92.12
Cgl1321	30.42
Cgl1320	28.28
Cgl1319	0
Cgl1318	138.81
Cgl1316	277.48
Cgl1315	256.08
Cgl1314	59.9
Cgl1313	34.94
Cgl1312	126.72
Cgl1311	24.51
Cgl1310	13.72
Cgl1309	9.96
Cgl1308	3873.61
Cgl1307	291.87
Cgl1305	2198.25
Cgl1304	39.61
Cgl1303	39.89
Cgl1299	9.79
Cgl1298	3.35
Cgl1297	9.73
Cgl1296	114.15
Cgl1295	8.79
Cgl1294	4.04
Cgl1293	150.69
Cgl1292	8.36
Cgl1291	176.9
Cgl1290	199.94
Cgl1289	57.02
Cgl1288	92.08
Cgl1287	111.22
Cgl1286	157.76
Cgl1285	42.88
Cgl1284	712.41
Cgl1283	120.53
Cgl1282	991.54
Cgl1281	2686.28
Cgl1280	62.41
Cgl1279	4.84
Cgl1278	36.52
Cgl1277	2.45
Cgl1276	15.38
Cgl1275	5.96
Cgl1273	1513.4
Cgl1272	591.47
Cgl1271	701.89
Cgl1270	140
Cgl1269	343.49
Cgl1268	383.63
Cgl1267	2.69
Cgl1266	396.15
Cgl1265	29.94
Cgl1264	83.91
Cgl1263	37.48
Cgl1262	277.68
Cgl1261	336.12
Cgl1260	85.61
Cgl1259	305.31
Cgl1258	20.86
Cgl1257	30.95
Cgl1256	25.96
Cgl1255	26.3
Cgl1254	23.44
Cgl1253	17.92
Cgl1252	15.27
Cgl1251	12.64
Cgl1250	504.82
Cgl1249	213.32
Cgl1248	175.21
Cgl1247	223.42
Cgl1246	374.23
Cgl1245	499.27
Cgl1244	91.13
Cgl1243	63.43
Cgl1242	63.06
Cgl1241	102.19
Cgl1240	235.06
Cgl1239	22.4
Cgl1238	34.01
Cgl1237	34.76
Cgl1236	12.68
Cgl1235	27.85
Cgl1234	8.5
Cgl1233	7.65
Cgl1232	345.63
Cgl1231	348.21
Cgl1230	438.09
Cgl1229	33.74
Cgl1228	10.11
Cgl1227	168.47
Cgl1225	272.31
Cgl1224	313.29
Cgl1223	235.6
Cgl1222	185.25
Cgl1221	196.36
Cgl1220	235.39
Cgl1219	168.58
Cgl1218	62.73
Cgl1217	109.61
Cgl1216	75.35
Cgl1215	262.49
Cgl1214	541.28
Cgl1213	512.17
Cgl1212	683.96
Cgl1211	471.59
Cgl1210	606.97
Cgl1209	696.17
Cgl1208	788.54
Cgl1207	781.88
Cgl1206	1685.55
Cgl1205	4.28
Cgl1204	128.09
Cgl1203	116.83
Cgl1202	248.09
Cgl1201	125.71
Cgl1200	407.03
Cgl1199	422.04
Cgl1198	118.61
Cgl1197	307.64
Cgl1196	24.04
Cgl1195	13.41
Cgl1194	76.15
Cgl1193	38.08
Cgl1192	64.62
Cgl1191	105.09
Cgl1190	786.21
Cgl1189	295.48
Cgl1188	87.87
Cgl1187	51.96
Cgl1186	42.93
Cgl1185	169.42
Cgl1184	854.32
Cgl1183	1512.95
Cgl1182	45.57
Cgl1181	72.37
Cgl1180	250.87
Cgl1179	288.25
Cgl1178	325.11
Cgl1177	37.57
Cgl1176	10.17
Cgl1175	87.12
Cgl1174	68.15
Cgl1173	320.49
Cgl1172	63.54
Cgl1171	86.97
Cgl1170	597.54
Cgl1169	3.27
Cgl1168	4
Cgl1167	52.83
Cgl1166	84.51
Cgl1165	167.66
Cgl1164	78.72
Cgl1163	836.07
Cgl1162	147.26
Cgl1161	486.79
Cgl1160	21.15
Cgl1159	14.15
Cgl1158	8.1
Cgl1157	70.34
Cgl1156	1060.43
Cgl1155	25.21
Cgl1154	79.79
Cgl1153	301.71
Cgl1151	40.14
Cgl1150	161.7
Cgl1149	83.34
Cgl1148	69.92
Cgl1147	58.64
Cgl1145	22.91
Cgl1144	1.45
Cgl1143	41.14
Cgl1142	25.54
Cgl1141	78.38
Cgl1140	88.12
Cgl1139	2683.7
Cgl1138	7.34
Cgl1137	13.22
Cgl1136	8.77
Cgl1135	460.55
Cgl1134	79.44
Cgl1133	99.87
Cgl1132	657.06
Cgl1131	354.9
Cgl1130	101.56
Cgl1129	328.54
Cgl1128	121.7
Cgl1127	198.56
Cgl1126	211.85
Cgl1125	106.74
Cgl1124	109.4
Cgl1123	486.5
Cgl1122	289.18
Cgl1121	1070.1
Cgl1120	2343.53
Cgl1119	17.04
Cgl1118	331.26
Cgl1117	207.89
Cgl1116	298.25
Cgl1115	356.75
Cgl1114	567.24
Cgl1113	168.24
Cgl1112	28.63
Cgl1111	77.76
Cgl1110	99.58
Cgl1109	63.26
Cgl1108	101.84
Cgl1107	41.02
Cgl1106	27.45
Cgl1105	0.67
Cgl1104	222.83
Cgl1103	358.25
Cgl1102	1515.57
Cgl1101	93.95
Cgl1100	70.74
Cgl1099	59.9
Cgl1098	609.14
Cgl1097	2203.14
Cgl1096	845.6
Cgl1095	40.85
Cgl1094	162.71
Cgl1093	293.87
Cgl1092	149.84
Cgl1091	143.4
Cgl1090	96.66
Cgl1089	24.56
Cgl1088	134.04
Cgl1087	125.77
Cgl1086	1975.25
Cgl1085	93.62
Cgl1084	66.47
Cgl1083	199.49
Cgl1082	598.67
Cgl1081	1900.36
Cgl1080	2553.98
Cgl1079	3390.24
Cgl1078	3725.97
Cgl1077	1788.69
Cgl1076	1084.22
Cgl1075	59.21
Cgl1074	17.45
Cgl1073	26.1
Cgl1072	74.25
Cgl1071	13.16
Cgl1070	965.72
Cgl1069	1908.57
Cgl1068	1108.76
Cgl1067	833.36
Cgl1065	13.96
Cgl1064	58.06
Cgl1063	129.52
Cgl1062	25.37
Cgl1061	80.17
Cgl1060	204.41
Cgl1059	32.23
Cgl1058	42.28
Cgl1057	290.56
Cgl1056	153.34
Cgl1055	6.34
Cgl1054	24.09
Cgl1053	5.4
Cgl1052	20.18
Cgl1051	59.97
Cgl1050	5.46
Cgl1049	0.53
Cgl1048	6.78
Cgl1047	38.06
Cgl1046	65.45
Cgl1044	11.56
Cgl1043	1.85
Cgl1042	4.59
Cgl1041	65.46
Cgl1040	107.32
Cgl1038	95.65
Cgl1037	11.31
Cgl1036	0
Cgl1035	11.45
Cgl1034	77.69
Cgl1033	204.95
Cgl1032	230.49
Cgl1031	35.63
Cgl1030	177.32
Cgl1029	145.4
Cgl1028	140.15
Cgl1027	109.02
Cgl1026	350.77
Cgl1025	80.01
Cgl1024	92.77
Cgl1023	38.75
Cgl1022	2.35
Cgl1021	45.56
Cgl1020	206.58
Cgl1019	495
Cgl1018	180
Cgl1017	33.35
Cgl1016	46.47
Cgl1015	52.06
Cgl1014	28.49
Cgl1013	8.03
Cgl1012	6.47
Cgl1011	238.19
Cgl1010	629.48
Cgl1009	242.34
Cgl1008	60.34
Cgl1005	49.31
Cgl1004	47.93
Cgl1003	61.15
Cgl1002	51.88
Cgl1001	608.4
Cgl1000	766.81
Cgl0999	64.42
Cgl0998	38.53
Cgl0997	55.81
Cgl0996	2261.26
Cgl0995	42.58
Cgl0993	62.35
Cgl0991	152.24
Cgl0990	115.31
Cgl0989	391.13
Cgl0988	305.31
Cgl0987	78.79
Cgl0986	338.98
Cgl0985	250.03
Cgl0983	757.71
Cgl0982	29.19
Cgl0981	20.7
Cgl0980	91.48
Cgl0979	152.85
Cgl0978	1.62
Cgl0977	296.31
Cgl0976	412.15
Cgl0975	264.2
Cgl0974	2434.75
Cgl0973	39.31
Cgl0972	2312.49
Cgl0971	492.65
Cgl0970	88.54
Cgl0969	635.49
Cgl0968	18.17
Cgl0967	33.26
Cgl0966	14.83
Cgl0965	59.68
Cgl0964	61.5
Cgl0963	67.57
Cgl0962	34.71
Cgl0961	47.61
Cgl0960	233.01
Cgl0958	115.23
Cgl0956	85.11
Cgl0955	3202.35
Cgl0954	177.91
Cgl0953	7.42
Cgl0952	48.92
Cgl0951	56.12
Cgl0950	522.71
Cgl0949	35.49
Cgl0948	55.52
Cgl0947	62.26
Cgl0946	53.47
Cgl0945	114.91
Cgl0944	19.95
Cgl0943	252.94
Cgl0942	570.04
Cgl0941	83.93
Cgl0940	148.92
Cgl0939	1163.3
Cgl0938	94.79
Cgl0937	80.59
Cgl0936	97.51
Cgl0935	49.55
Cgl0934	17.66
Cgl0933	6.06
Cgl0932	8.66
Cgl0931	14.58
Cgl0930	6.87
Cgl0929	94.05
Cgl0928	0.88
Cgl0927	0
Cgl0926	246.21
Cgl0925	536.65
Cgl0924	5.63
Cgl0923	150.67
Cgl0922	66.93
Cgl0921	46.97
Cgl0920	105.8
Cgl0919	82.09
Cgl0918	290.07
Cgl0917	816.8
Cgl0916	816.27
Cgl0915	436.24
Cgl0914	50.23
Cgl0913	50.85
Cgl0912	108.09
Cgl0911	77.52
Cgl0910	257.77
Cgl0909	858.23
Cgl0908	47.49
Cgl0907	98.93
Cgl0906	104.99
Cgl0902	75.16
Cgl0901	277.45
Cgl0900	8.45
Cgl0897	0.43
Cgl0896	2.94
Cgl0895	17.42
Cgl0894	85.68
Cgl0893	545.91
Cgl0892	414.24
Cgl0891	78.46
Cgl0890	55.53
Cgl0889	253.84
Cgl0888	90.89
Cgl0887	145.34
Cgl0886	49.79
Cgl0885	335.15
Cgl0884	68.07
Cgl0883	109.11
Cgl0882	158.44
Cgl0881	83.13
Cgl0880	84.18
Cgl0879	321.75
Cgl0878	792.66
Cgl0877	787.17
Cgl0876	1087.23
Cgl0875	71.46
Cgl0874	209.32
Cgl0873	1569.51
Cgl0872	2994.41
Cgl0871	3.48
Cgl0870	4.96
Cgl0869	4991.66
Cgl0868	5062.69
Cgl0867	2937.81
Cgl0866	4206.44
Cgl0864	156.98
Cgl0863	197.77
Cgl0862	61.59
Cgl0861	354.52
Cgl0860	357.83
Cgl0859	56.64
Cgl0858	2033.98
Cgl0857	16.91
Cgl0856	6.11
Cgl0855	13.94
Cgl0854	80.48
Cgl0853	260.93
Cgl0852	2.73
Cgl0851	204.58
Cgl0850	33.17
Cgl0849	15.39
Cgl0848	220.53
Cgl0847	45.43
Cgl0846	25.98
Cgl0845	187.91
Cgl0844	336.98
Cgl0843	216.24
Cgl0842	268.99
Cgl0841	639.65
Cgl0840	69.8
Cgl0839	241.45
Cgl0838	45.38
Cgl0837	235.93
Cgl0836	501.87
Cgl0835	225.06
Cgl0834	35.68
Cgl0833	1429.04
Cgl0832	1411.96
Cgl0831	125.13
Cgl0830	647.05
Cgl0829	2856.54
Cgl0828	626.78
Cgl0827	426.91
Cgl0826	138.39
Cgl0825	110.1
Cgl0824	144.93
Cgl0823	53.75
Cgl0822	80.54
Cgl0821	181.96
Cgl0820	250.19
Cgl0819	2503.47
Cgl0818	664.17
Cgl0817	28.13
Cgl0816	109.43
Cgl0815	145.62
Cgl0814	16.87
Cgl0813	117.8
Cgl0812	49.67
Cgl0811	21.38
Cgl0810	20.6
Cgl0809	127.86
Cgl0808	14.17
Cgl0807	9.12
Cgl0806	17.26
Cgl0805	131.29
Cgl0804	263.1
Cgl0803	97.52
Cgl0802	167.9
Cgl0801	222.33
Cgl0800	47.99
Cgl0799	77.81
Cgl0798	54
Cgl0796	27.78
Cgl0795	0
Cgl0794	14.86
Cgl0793	3.42
Cgl0792	1.19
Cgl0791	323.42
Cgl0790	59.75
Cgl0789	550.88
Cgl0788	516.81
Cgl0787	3.26
Cgl0786	373.03
Cgl0785	86.73
Cgl0784	110.52
Cgl0783	47.9
Cgl0782	118.24
Cgl0781	4.81
Cgl0780	7.25
Cgl0779	50.95
Cgl0778	118.31
Cgl0777	94.45
Cgl0776	59.25
Cgl0775	39.19
Cgl0774	149.19
Cgl0773	433.54
Cgl0772	888.68
Cgl0771	156.38
Cgl0770	74.55
Cgl0769	5.82
Cgl0768	2544.18
Cgl0767	247.65
Cgl0766	2.27
Cgl0765	107.44
Cgl0764	173.31
Cgl0763	137.46
Cgl0762	311.58
Cgl0761	302.36
Cgl0760	387.02
Cgl0759	1886.22
Cgl0757	41.34
Cgl0756	67.47
Cgl0755	84.52
Cgl0754	475.03
Cgl0753	170.95
Cgl0752	361.27
Cgl0751	208.94
Cgl0748	82.23
Cgl0747	122.5
Cgl0746	173.83
Cgl0745	178.1
Cgl0744	83.81
Cgl0743	225.39
Cgl0742	97.41
Cgl0741	51.24
Cgl0740	83.01
Cgl0739	86.02
Cgl0738	72.46
Cgl0737	22.47
Cgl0735	35.25
Cgl0734	97.13
Cgl0733	89.2
Cgl0732	55.2
Cgl0731	62
Cgl0730	0.25
Cgl0729	140.03
Cgl0728	1.9
Cgl0727	1023.1
Cgl0726	77.43
Cgl0725	104.36
Cgl0724	124.79
Cgl0723	30.5
Cgl0722	45.73
Cgl0721	74.89
Cgl0720	187.02
Cgl0719	579.15
Cgl0717	2.83
Cgl0716	41.45
Cgl0715	150.55
Cgl0714	140.53
Cgl0713	95.25
Cgl0712	56.99
Cgl0711	183.64
Cgl0710	92.88
Cgl0709	77.89
Cgl0708	1450.18
Cgl0707	957.84
Cgl0706	689.86
Cgl0705	384.19
Cgl0704	193.94
Cgl0703	421.43
Cgl0702	65.21
Cgl0701	323.72
Cgl0700	816.55
Cgl0699	3.22
Cgl0698	186.21
Cgl0697	122.66
Cgl0696	140.29
Cgl0695	65.43
Cgl0694	52.59
Cgl0693	16.83
Cgl0692	1.33
Cgl0691	126.76
Cgl0690	15.7
Cgl0689	822.96
Cgl0688	295.63
Cgl0687	164.26
Cgl0686	147.09
Cgl0685	340.05
Cgl0684	360.8
Cgl0683	2.6
Cgl0682	2.19
Cgl0681	194.43
Cgl0680	29
Cgl0679	481.7
Cgl0678	210.02
Cgl0677	230.94
Cgl0676	140.85
Cgl0675	12.46
Cgl0674	27.86
Cgl0673	1149.19
Cgl0672	97.74
Cgl0671	172.91
Cgl0670	40.67
Cgl0669	8.99
Cgl0668	7.37
Cgl0667	6.68
Cgl0666	4.6
Cgl0665	9.44
Cgl0664	625.53
Cgl0663	70.64
Cgl0662	71.88
Cgl0661	9.25
Cgl0659	11.43
Cgl0658	7.31
Cgl0657	6.92
Cgl0655	56.09
Cgl0654	46.72
Cgl0653	2015.6
Cgl0652	546.05
Cgl0651	466.68
Cgl0650	151.61
Cgl0649	201.25
Cgl0648	421.18
Cgl0647	50.28
Cgl0646	32.21
Cgl0645	308.47
Cgl0644	371.81
Cgl0642	14.18
Cgl0641	78.7
Cgl0640	53.72
Cgl0639	84.76
Cgl0638	4.47
Cgl0637	3386.65
Cgl0636	471.49
Cgl0635	432.02
Cgl0634	1.87
Cgl0633	28.43
Cgl0632	15.91
Cgl0631	95.05
Cgl0630	99.49
Cgl0629	121.27
Cgl0628	1102.57
Cgl0627	167.32
Cgl0626	347.01
Cgl0625	280.51
Cgl0624	188.28
Cgl0623	153.76
Cgl0622	47.24
Cgl0621	68.93
Cgl0620	44.39
Cgl0619	69.11
Cgl0618	228.48
Cgl0617	6.26
Cgl0616	12.35
Cgl0615	42.06
Cgl0614	64.99
Cgl0613	128.16
Cgl0612	221.75
Cgl0611	18.22
Cgl0610	103.39
Cgl0609	46.47
Cgl0608	244.29
Cgl0607	576.98
Cgl0606	4.07
Cgl0605	21.03
Cgl0604	222.78
Cgl0603	566.44
Cgl0602	160.26
Cgl0601	3802.74
Cgl0600	1392.55
Cgl0599	1.01
Cgl0597	291.8
Cgl0596	19.23
Cgl0595	60.29
Cgl0594	56.3
Cgl0593	121.35
Cgl0592	106.17
Cgl0591	309.18
Cgl0590	810.04
Cgl0589	63.96
Cgl0588	53.03
Cgl0587	393.52
Cgl0586	6.21
Cgl0585	4.39
Cgl0584	14.49
Cgl0583	330.23
Cgl0582	2380.31
Cgl0581	2701.51
Cgl0580	1.89
Cgl0579	1.43
Cgl0578	13.56
Cgl0577	2.29
Cgl0576	3.56
Cgl0575	2.11
Cgl0574	165.86
Cgl0573	82.34
Cgl0572	46.77
Cgl0571	5.35
Cgl0570	12.27
Cgl0569	1.92
Cgl0568	91.03
Cgl0567	33.71
Cgl0566	1366.52
Cgl0564	1757.13
Cgl0563	1949.34
Cgl0562	1985.96
Cgl0561	2708.25
Cgl0560	3878.89
Cgl0559	975.94
Cgl0558	112.13
Cgl0556	708.99
Cgl0555	614.76
Cgl0554	22.83
Cgl0553	1.05
Cgl0552	4.38
Cgl0551	6.39
Cgl0550	2.32
Cgl0549	3.05
Cgl0548	5.4
Cgl0547	7.67
Cgl0546	6.25
Cgl0545	36.65
Cgl0544	19.83
Cgl0542	1749.29
Cgl0541	3376.94
Cgl0540	2231.42
Cgl0539	1945.18
Cgl0538	3396.72
Cgl0537	3842.53
Cgl0536	21.48
Cgl0535	548.65
Cgl0534	347.9
Cgl0533	95.63
Cgl0532	43.78
Cgl0531	38.06
Cgl0530	184.16
Cgl0529	272.02
Cgl0528	144.56
Cgl0527	129.15
Cgl0526	60.09
Cgl0525	90.17
Cgl0524	24.12
Cgl0523	2079.86
Cgl0522	2674.34
Cgl0521	3436.14
Cgl0520	240.17
Cgl0519	136.5
Cgl0517	1014.14
Cgl0516	2279.7
Cgl0515	1707.64
Cgl0514	1253.49
Cgl0513	1474.68
Cgl0511	1518.52
Cgl0510	1485.9
Cgl0508	1505.07
Cgl0507	1545.29
Cgl0505	1829.17
Cgl0504	2174.98
Cgl0503	8.96
Cgl0502	5.24
Cgl0501	5.05
Cgl0500	4.39
Cgl0499	36.03
Cgl0497	5437.94
Cgl0495	1722.65
Cgl0494	2240.32
Cgl0493	2113.59
Cgl0492	203.18
Cgl0491	55.58
Cgl0490	21.39
Cgl0489	1271.41
Cgl0488	1449.39
Cgl0487	151.24
Cgl0486	4114.35
Cgl0485	6947.14
Cgl0484	120.53
Cgl0483	487.65
Cgl0482	1186.69
Cgl0481	6.3
Cgl0480	4.13
Cgl0479	3.92
Cgl0478	13.17
Cgl0477	857.18
Cgl0476	1149.12
Cgl0475	335.43
Cgl0474	175.16
Cgl0473	199.39
Cgl0472	32.39
Cgl0471	155.33
Cgl0470	35.91
Cgl0469	83.74
Cgl0468	84.23
Cgl0467	117.89
Cgl0466	29.83
Cgl0465	52.97
Cgl0464	39.3
Cgl0463	60.67
Cgl0460	133.02
Cgl0459	97.93
Cgl0458	103.07
Cgl0457	64.95
Cgl0456	42.44
Cgl0455	122.52
Cgl0454	59.91
Cgl0453	34.89
Cgl0452	42.29
Cgl0451	30.17
Cgl0450	44.41
Cgl0449	117.36
Cgl0448	35.01
Cgl0447	84.34
Cgl0446	108.28
Cgl0445	35.04
Cgl0444	4.17
Cgl0443	2.97
Cgl0442	107.91
Cgl0441	122.48
Cgl0440	205.04
Cgl0439	385.51
Cgl0438	468.52
Cgl0437	428.29
Cgl0436	199.61
Cgl0435	263.13
Cgl0434	119.16
Cgl0433	141.91
Cgl0432	139.46
Cgl0431	153.72
Cgl0430	119.83
Cgl0429	170.11
Cgl0428	79.95
Cgl0427	20.91
Cgl0426	17.19
Cgl0425	130.11
Cgl0424	121.05
Cgl0423	105.91
Cgl0422	36.37
Cgl0421	41.35
Cgl0420	20.28
Cgl0419	219.36
Cgl0418	671.82
Cgl0417	596.73
Cgl0415	30.07
Cgl0413	1993.68
Cgl0411	1348.08
Cgl0410	201.21
Cgl0409	389.97
Cgl0408	289.38
Cgl0407	48.95
Cgl0406	75.45
Cgl0405	2.6
Cgl0404	248.56
Cgl0403	467.15
Cgl0402	1989.29
Cgl0401	85.89
Cgl0400	336.61
Cgl0399	1.13
Cgl0398	49.72
Cgl0397	85.69
Cgl0396	1046.47
Cgl0395	223.26
Cgl0394	326.25
Cgl0393	88.09
Cgl0392	159.81
Cgl0391	6.72
Cgl0390	22.15
Cgl0389	14.83
Cgl0388	2.75
Cgl0387	2.1
Cgl0386	1368.38
Cgl0385	663.19
Cgl0384	8.51
Cgl0383	47.91
Cgl0382	142.35
Cgl0381	299.66
Cgl0380	344.91
Cgl0379	261.73
Cgl0378	425.55
Cgl0377	274.85
Cgl0376	108.83
Cgl0375	32.64
Cgl0374	12.12
Cgl0373	857.71
Cgl0372	224.55
Cgl0371	257.71
Cgl0370	369.29
Cgl0369	333.51
Cgl0368	71.58
Cgl0367	212.31
Cgl0366	962.66
Cgl0365	6.4
Cgl0364	160.43
Cgl0363	366.74
Cgl0362	91.06
Cgl0361	158.49
Cgl0360	229.88
Cgl0359	188.91
Cgl0358	70.11
Cgl0357	18.64
Cgl0356	30.89
Cgl0355	14.26
Cgl0354	180.03
Cgl0353	203.58
Cgl0352	230.45
Cgl0351	17.88
Cgl0350	61.92
Cgl0349	630.22
Cgl0348	662.03
Cgl0347	462.35
Cgl0346	527.01
Cgl0345	278.38
Cgl0344	300.69
Cgl0343	1888.48
Cgl0342	103.99
Cgl0341	60.67
Cgl0340	88.7
Cgl0339	84.36
Cgl0338	43.96
Cgl0337	140.97
Cgl0336	10.02
Cgl0335	964.02
Cgl0334	452.37
Cgl0333	122.46
Cgl0332	101.79
Cgl0331	293.45
Cgl0330	171.04
Cgl0329	239.73
Cgl0328	6.46
Cgl0327	159.33
Cgl0326	69.24
Cgl0325	190.82
Cgl0324	94.57
Cgl0323	271.66
Cgl0322	52.98
Cgl0321	268.25
Cgl0320	443.84
Cgl0319	276.52
Cgl0318	5.09
Cgl0317	3.33
Cgl0316	8.96
Cgl0315	18.44
Cgl0314	256.94
Cgl0312	39.69
Cgl0311	112.38
Cgl0310	49.85
Cgl0309	157.72
Cgl0308	6754.95
Cgl0307	38.78
Cgl0306	7.95
Cgl0305	7.67
Cgl0304	7.73
Cgl0303	15.81
Cgl0302	3.79
Cgl0301	1.93
Cgl0300	3.15
Cgl0299	190.37
Cgl0298	473.53
Cgl0297	183.26
Cgl0296	55.75
Cgl0295	81.15
Cgl0294	77.26
Cgl0293	43.74
Cgl0292	84.96
Cgl0291	2431.15
Cgl0290	571.64
Cgl0289	9.79
Cgl0288	10.63
Cgl0287	11.35
Cgl0286	7.39
Cgl0285	25.12
Cgl0284	4.45
Cgl0283	1.79
Cgl0282	314.04
Cgl0281	280.5
Cgl0279	693.03
Cgl0278	203.34
Cgl0277	115.89
Cgl0276	72.74
Cgl0275	9.36
Cgl0274	59.83
Cgl0273	24.93
Cgl0272	11.7
Cgl0271	1.53
Cgl0270	134.45
Cgl0269	56.02
Cgl0268	55.52
Cgl0267	45.98
Cgl0266	52.27
Cgl0265	69.8
Cgl0264	50.69
Cgl0263	68.4
Cgl0262	29.47
Cgl0261	19.18
Cgl0260	88.23
Cgl0259	39.23
Cgl0258	28.67
Cgl0257	8.43
Cgl0255	1733.66
Cgl0254	73.73
Cgl0253	22.48
Cgl0252	954.91
Cgl0251	687.41
Cgl0250	69.4
Cgl0248	185.87
Cgl0247	65.66
Cgl0246	113.96
Cgl0245	121.35
Cgl0244	39.54
Cgl0243	793.52
Cgl0242	132.3
Cgl0241	123.3
Cgl0240	254.96
Cgl0239	0
Cgl0237	271.18
Cgl0236	26.56
Cgl0235	1.96
Cgl0234	4.45
Cgl0233	39.91
Cgl0232	82.8
Cgl0231	102.42
Cgl0230	85.99
Cgl0229	1803.17
Cgl0228	83.88
Cgl0227	131.17
Cgl0226	77
Cgl0225	32.83
Cgl0224	41.31
Cgl0223	2.73
Cgl0222	6.07
Cgl0221	25.72
Cgl0220	13.18
Cgl0219	18.96
Cgl0218	89.93
Cgl0217	82.84
Cgl0216	79.38
Cgl0215	178.71
Cgl0214	134.43
Cgl0213	28.56
Cgl0212	36.78
Cgl0211	102.1
Cgl0210	130.08
Cgl0209	25.18
Cgl0208	37.28
Cgl0207	8.08
Cgl0206	76.17
Cgl0205	31.02
Cgl0204	8.15
Cgl0203	96.32
Cgl0202	144.64
Cgl0201	140.16
Cgl0200	63.57
Cgl0199	33.92
Cgl0198	98.09
Cgl0197	35.35
Cgl0196	70.31
Cgl0195	83.54
Cgl0194	151.17
Cgl0193	49.11
Cgl0192	47.71
Cgl0191	101.75
Cgl0190	522.81
Cgl0189	302.34
Cgl0188	100.43
Cgl0187	116.96
Cgl0186	661.37
Cgl0185	141.91
Cgl0184	235.18
Cgl0183	56.71
Cgl0181	15.67
Cgl0180	19.53
Cgl0179	21.85
Cgl0178	18.85
Cgl0177	46.86
Cgl0176	28.2
Cgl0175	27.74
Cgl0174	3436.08
Cgl0173	38.84
Cgl0172	17.2
Cgl0171	36.86
Cgl0170	10.13
Cgl0169	96.31
Cgl0168	107.45
Cgl0167	2.95
Cgl0166	8.71
Cgl0165	21.57
Cgl0164	23.98
Cgl0163	39.45
Cgl0162	26.59
Cgl0161	53.85
Cgl0160	29.53
Cgl0159	21.14
Cgl0158	28.21
Cgl0157	54.4
Cgl0156	100.07
Cgl0154;Cgl0155	225.56
Cgl0154;Cgl0155	103.06
Cgl0153	25.75
Cgl0152	41.9
Cgl0151	173.12
Cgl0150	62.08
Cgl0149	79.1
Cgl0148	218.67
Cgl0147	354.3
Cgl0146	20.77
Cgl0145	18.73
Cgl0144	21.59
Cgl0143	38.97
Cgl0142	57.9
Cgl0141	19.16
Cgl0140	1434.4
Cgl0139	39.78
Cgl0138	38.23
Cgl0137	4.61
Cgl0136	460.72
Cgl0135	293.43
Cgl0134	93.92
Cgl0133	36.29
Cgl0132	9.34
Cgl0131	24.2
Cgl0130	55.94
Cgl0128	24.39
Cgl0127	55.63
Cgl0126	65.75
Cgl0125	78.26
Cgl0124	3.16
Cgl0123	1.23
Cgl0122	13.91
Cgl0121	261.39
Cgl0120	63.71
Cgl0119	75.15
Cgl0118	20.51
Cgl0117	17.66
Cgl0116	30.27
Cgl0115	19.93
Cgl0114	268.66
Cgl0113	157.95
Cgl0112	78.4
Cgl0111	59.4
Cgl0110	5.86
Cgl0109	4.37
Cgl0108	34.74
Cgl0107	226.16
Cgl0106	329.55
Cgl0105	121.05
Cgl0104	29.99
Cgl0103	30.95
Cgl0102	53.07
Cgl0101	37.97
Cgl0100	91.98
Cgl0099	126.51
Cgl0098	4.32
Cgl0097	8.8
Cgl0096	1.02
Cgl0095	92.17
Cgl0094	45.98
Cgl0093	69.56
Cgl0092	14.02
Cgl0091	53.23
Cgl0090	53.75
Cgl0089	69.25
Cgl0088	87.71
Cgl0087	120.08
Cgl0086	127.97
Cgl0085	98.3
Cgl0084	157.25
Cgl0083	21.57
Cgl0082	2.19
Cgl0081	9.74
Cgl0080	141.04
Cgl0079	22.1
Cgl0078	839.59
Cgl0077	70.19
Cgl0076	60.48
Cgl0075	5.31
Cgl0074	9.14
Cgl0073	12.88
Cgl0072	17.9
Cgl0071	126.92
Cgl0070	44.01
Cgl0069	37.89
Cgl0068	16.32
Cgl0067	20.18
Cgl0066	21.3
Cgl0065	2.95
Cgl0064	167.96
Cgl0063	47.39
Cgl0062	182.86
Cgl0061	69.63
Cgl0060	6.72
Cgl0059	10.36
Cgl0058	16.73
Cgl0057	9.55
Cgl0056	83.09
Cgl0055	5.35
Cgl0054	16.32
Cgl0053	14.78
Cgl0052	4.88
Cgl0051	58.22
Cgl0050	15.2
Cgl0049	135.83
Cgl0048	17.21
Cgl0047	314.04
Cgl0046	311.71
Cgl0045	207.85
Cgl0044	148.42
Cgl0043	146.73
Cgl0042	94.57
Cgl0041	117.01
Cgl0040	204.45
Cgl0039	5.93
Cgl0038	5.87
Cgl0037	3.64
Cgl0036	8.3
Cgl0035	34.02
Cgl0034	1736.55
Cgl0033	670.89
Cgl0032	172
Cgl0031	186.12
Cgl0030	368.47
Cgl0029	1.96
Cgl0028	1.21
Cgl0027	0.74
Cgl0026	4.63
Cgl0025	12.57
Cgl0024	14.55
Cgl0023	4.2
Cgl0022	12.18
Cgl0021	15.42
Cgl0020	11.74
Cgl0019	16.09
Cgl0018	7.61
Cgl0017	29.51
Cgl0016	28.1
Cgl0015	1537.86
Cgl0014	343.96
Cgl0013	448.36
Cgl0012	4.71
Cgl0011	11.71
Cgl0010	149.52
Cgl0009	341.21
Cgl0008	48.29
Cgl0007	27.61
Cgl0006	433.79
Cgl0005	37.21
Cgl0004	65.49
Cgl0003	228.82
Cgl0002	4.29
Cgl0001	101.76
