,minimum,maximum,773differernce,ec773differernce
ALAR,0.08586608458278633,2.3516748076451433,2.265808723062357,6.9432300907161684e-12
ALATA_L,0.4397536106331964,2.850909870014126,2.4111562593809297,4.309137906947823e-08
ASNN,0.0,26.0568003152171,26.0568003152171,8.160979652196691e-09
ASNS1,0.0,13.0798435780487,13.0798435780487,1.3498430513456242e-09
ASNS2,0.0,26.1596871560974,26.1596871560974,9.510820728197977e-09
ASPT,0.0,43.063764623375334,43.063764623375334,1.4556159437009559e-08
ASPTA,-44.037622402682594,-0.9738577793031702,43.06376462337943,2.8483987067409064e-12
DAAD,0.0,0.0,0.0,0.0
VPAMT,0.0,1.3034275503282222,1.3034275503282222,4.489745011881929e-08
2METS,0.0,0.0,0.0,4.247598037518051e-13
ACHMSC,0.0,0.7827946461500076,0.7827946461500076,0.0
ACNML,0.0,0.0,0.0,0.0
ADNUC,0.0,13.028400157608573,13.028400157608573,2.763376220265799e-09
AGDC,0.0,0.0,0.0,3.3395915492690587e-09
ALCD19,-1.9665579281168994,0.0,1.9665579281168994,0.0
ALDD19x,0.0,0.0,0.0,0.0
ALDD2x,0.0,26.056800315217107,26.056800315217107,2.3015787248783154e-09
AMALT1,0.0,0.0,0.0,0.0
AMALT2,0.0,0.0,0.0,0.0
AMALT3,0.0,0.0,0.0,0.0
AMALT4,0.0,0.0,0.0,0.0
AMANAPEr,0.0,0.0,0.0,0.0
APG,0.015020961768460435,0.015020961768460437,1.734723475976807e-18,-1.1368683772161603e-13
ARAI,0.0,0.0,0.0,1.4012331542175138e-10
BETALDHx,0.0,0.0,0.0,3.298722440772817e-08
BETALDHy,0.0,0.0,0.0,0.0
CBMKr,-12.85941205090684,1.1786533055946815,14.038065356501521,1.1368683772161603e-13
DHACOAH,0.0,0.0,0.0,1.905579861889004e-09
DHAPT,0.0,0.0,0.0,8.718039292965221e-09
DHPTDNRN,0.0,0.0,0.0,0.0
DRPA,0.0,0.0,0.0,0.0
F6PP,0.0,26.07994045029283,26.07994045029283,1.0421464089132827e-08
FFSD,0.0,0.0,0.0,4.348045035944254e-09
FRUK,0.0,0.0,0.0,0.0
G3PD2,-24.639659850944412,-0.031794351870103245,24.607865499074308,5.9440026234369725e-09
G3PT,0.0,26.056800315217107,26.056800315217107,8.668359105369146e-09
G6PDA,0.0,26.056800315217107,26.056800315217107,3.165225733319145e-09
GLCATr,0.0,0.0,0.0,0.0
GLCRD,0.0,0.0,0.0,0.0
GLYCDx,0.0,0.0,0.0,0.0
GLYK,0.0,26.056892547544976,26.056892547544976,6.293784981046679e-08
GNK,0.0,0.0,0.0,0.0
GUI1,0.0,0.0,0.0,-1.502299135033895e-11
HCO3E,-30.691022728977252,29.530960129716995,60.22198285869425,-1.6440027441610994e-06
HEX7,0.0,26.056800315217103,26.056800315217103,8.682655499165353e-09
HPYRI,0.0,0.0,0.0,0.0
HSST_2,0.0,0.7827946461500074,0.7827946461500074,6.424175025276924e-09
HXCT,0.0,0.0,0.0,0.0
LYXI,0.0,0.0,0.0,0.0
MALGT,0.0,0.0,0.0,-1.8715903123138327e-11
MALTATr,0.0,0.0,0.0,0.0
MAN1PG,0.0,0.0,0.0,6.220271989860479e-11
MAN6PI,0.0,0.0,0.0,1.1799108572062528e-08
MCITL2,0.0,0.0,0.0,-9.944294679227085e-12
MM_COA_ADD5,0.0,0.0,0.0,1.4596684557957523e-12
MMM2,0.0,0.0,0.0,0.0
MSDH,0.0,0.0,0.0,3.78209626680469e-09
PFK_2,0.0,0.0,0.0,0.0
PGLYCP,0.0,0.0,0.0,0.0
PGMT,-26.12219237122044,-0.042251920923831676,26.079940450296608,5.301628996687897e-11
PMANM,0.0,0.0,0.0,-1.0638623177362375e-11
PPASUCC,0.0,0.0,0.0,0.0
RBK,0.0,13.106198099987797,13.106198099987797,1.4300212569651194e-08
SUCptsp,0.0,0.0,0.0,4.748369155001648e-09
TRE6p,0.0,26.079940450292998,26.079940450292998,4.2180762597538356e-08
TRE6PP,0.008222169777988522,15.014332330720414,15.006110160942425,6.2300939476789274e-09
TRE6PS,0.008222169777988522,26.088162620070975,26.079940450292987,4.2180762599777766e-08
UACGAMPpp,0.0,26.05680031521712,26.05680031521712,3.545356325377699e-09
UDPARA,0.317744995511986,0.317744995511986,0.0,4.2943926192862136e-11
UDPG4E,0.034029751145801146,1.0266697631540709,0.9926400120082697,1.4055899511705105e-09
UDPGALPpp,0.0,0.9926400120082698,0.9926400120082698,3.89813496715468e-09
UDPGPpp,0.0,26.056800315217103,26.056800315217103,6.858992684238624e-09
UGLCURPpp,0.0,1.1329043615311771,1.1329043615311771,2.6353798702764765e-09
XYLI1,0.0,0.0,0.0,2.920396701805439e-12
XYLI2,0.0,26.07994045029304,26.07994045029304,7.59131114499094e-09
XYLK,0.0,0.0,0.0,0.0
GALKr,0.0,0.0,0.0,0.0
M1PD,0.0,0.0,0.0,0.0
MAN2D,0.0,0.0,0.0,0.0
MCITD,0.0,0.0,0.0,0.0
HDPA1,0.0,0.0,0.0,0.0
HDPA2,0.0,0.0,0.0,0.0
ICL,0.0,4.980360924336294,4.980360924336294,1.620929186536838e-09
MALS,-9.087157398277259e-16,4.980360924336294,4.980360924336295,1.620929186536838e-09
ME1,0.0,26.056800315217178,26.056800315217178,6.642532955980494e-09
ME2,0.0,26.349731333609693,26.349731333609693,8.548715984424379e-09
PPA,0.0,26.056800315234156,26.056800315234156,8.528129125568873e-09
PPA2,0.0,13.028400157615513,13.028400157615513,4.184616864281726e-09
PPC,0.0,30.012220321899704,30.012220321899704,3.0644904613474014e-11
PPCK,0.0,26.056800315230944,26.056800315230944,6.537962455893875e-09
ABTA,0.0,4.98036092433721,4.98036092433721,2.1356104494757056e-09
ACGK,0.1008909707967835,1.221613565000262,1.1207225942034784,5.590469059901793e-10
ACGS,0.0,26.056800315230923,26.056800315230923,1.352285371329271e-09
ACODA,0.0,26.056800315230923,26.056800315230923,1.352285371329271e-09
ACOTA,-1.2216135649998339,-0.10089097079678348,1.1207225942030503,-1.457380040876962e-10
AGPR,-1.2216135649998339,-0.10089097079678348,1.1207225942030503,0.0
AMPTASEPG,0.0,0.0,0.0,0.0
ARGSL,0.1008909707967835,1.1030755983056635,1.00218462750888,-8.839689038459745e-11
CBPS,0.0,13.028400157615476,13.028400157615476,5.206689528399829e-10
CSND,0.0,0.0,0.0,0.0
G5SADs,0.08465160791249113,20.782734588532872,20.69808298062038,2.027562784334691e-09
G5SD,0.08465160791249113,20.782734588532872,20.69808298062038,2.027562784334691e-09
GLU5K,0.08465160791249113,20.782734588532872,20.69808298062038,2.027562784334691e-09
GLUNATF,-25.955909344424633,1.2216135650002617,27.177522909424894,2.2737367544323206e-13
OCBT,0.10089097079678348,1.1030755983056633,1.0021846275088797,-4.3492944462643797e-10
ORNC,0.0,0.0,0.0,0.0
P5CD,0.0,20.69808298062038,20.69808298062038,2.027470979375182e-09
P5CR,0.08465160791249111,1.2053742021159695,1.1207225942034784,1.8142199964543693e-09
PROD2,0.0,0.0,0.0,0.0
SPMDAT1,0.0,0.0,0.0,0.0
SPMDAT2,0.0,0.0,0.0,0.0
SPMS,0.0,0.0,0.0,0.0
SSALy,0.0,4.980360924337205,4.980360924337205,2.1324197737635034e-09
UREAAH,0.0,0.0,0.0,0.0
ARGSS,0.10089097079678348,1.1030755983056626,1.002184627508879,4.739933029407339e-10
CG_biomass_cgl_ATCC13032,0.4847953057880492,0.4847953057880492,0.0,6.544220720883231e-11
BAMPN,0.0,0.0,0.0,0.0
BIOTIN_t,0.0,20.84544048258587,20.84544048258587,8.687894542515428e-09
BTNAMP,0.0,0.0,0.0,0.0
3HAD100,0.22418069278162167,0.22418069278162175,8.326672684688674e-17,3.013561622466909e-11
3HAD120,0.1015201225852156,0.1015201225852156,0.0,1.3647027952146118e-11
3HAD121,0.12266057019640607,0.12266057019640615,8.326672684688674e-17,1.6488574394735167e-11
3HAD140,0.1015201225852156,0.1015201225852156,0.0,1.3647027952146118e-11
3HAD141,0.12266057019640607,0.12266057019640615,8.326672684688674e-17,1.6488574394735167e-11
3HAD160,0.10005205147032133,0.10005205147032133,0.0,1.3449366620399417e-11
3HAD161,0.11999427792548971,0.11999427792548979,8.326672684688674e-17,1.6128626212363883e-11
3HAD180,0.0020513574798936194,0.0020513574798936194,0.0,2.7564712665184565e-13
3HAD181,0.11757395957098245,0.11757395957098253,8.326672684688674e-17,1.580240105436559e-11
3HAD40,0.22418069278162167,0.22418069278162175,8.326672684688674e-17,3.013561622466909e-11
3HAD60,0.22418069278162167,0.22418069278162175,8.326672684688674e-17,3.013561622466909e-11
3HAD80,0.22418069278162167,0.22418069278162175,8.326672684688674e-17,3.013561622466909e-11
3OAR100,0.22418069278162167,0.22418069278162175,8.326672684688674e-17,-2.6265625763097694e-11
3OAR120,0.1015201225852156,0.1015201225852156,0.0,-2.6195515179092616e-11
3OAR140,0.1015201225852156,0.1015201225852156,0.0,-2.6195515179092616e-11
3OAR160,0.10005205147032133,0.10005205147032133,0.0,-2.619498782315592e-11
3OAR180,0.0020513574798936194,0.0020513574798936194,0.0,-2.6139017837565265e-11
3OAR40,0.22418069278162167,0.22418069278162175,8.326672684688674e-17,-2.6265625763097694e-11
3OAR60,0.22418069278162167,0.22418069278162175,8.326672684688674e-17,-2.6265625763097694e-11
3OAR80,0.22418069278162167,0.22418069278162175,8.326672684688674e-17,-2.6265625763799144e-11
3OAS100,0.22418069278162167,0.22418069278162175,8.326672684688674e-17,1.8040605120894782e-10
3OAS120,0.1015201225852156,0.1015201225852156,0.0,1.6391743518084922e-10
3OAS121,0.12266057019640607,0.12266057019640615,8.326672684688674e-17,8.406824040949057e-06
3OAS140,0.1015201225852156,0.1015201225852156,0.0,1.639166857803076e-10
3OAS141,0.12266057019640607,0.12266057019640615,8.326672684688674e-17,8.406818199066524e-06
3OAS160,0.10005205147032133,0.10005205147032133,0.0,8.406815159761605e-06
3OAS161,0.11999427792548971,0.11999427792548979,8.326672684688674e-17,8.406817839118341e-06
3OAS180,0.0020513574798936194,0.0020513574798936194,0.0,8.40680198609155e-06
3OAS181,0.11757395957098245,0.11757395957098253,8.326672684688674e-17,8.406817512907061e-06
3OAS60,0.22418069278162167,0.22418069278162175,8.326672684688674e-17,1.8040524629725496e-10
3OAS80,0.22418069278162167,0.22418069278162175,8.326672684688674e-17,8.406831846052842e-06
AACPS1,0.0,26.056800315230856,26.056800315230856,8.283467180198451e-09
AACPS2,0.0,26.056800315230856,26.056800315230856,3.194858831344896e-09
AACPS3,0.0,26.056800315230856,26.056800315230856,3.194858831344896e-09
AACPS4,0.0,26.056800315230856,26.056800315230856,3.194858831344896e-09
AACPS5,0.0,0.0,0.0,0.0
AACPS6,0.0,26.056800315230856,26.056800315230856,8.26138355763303e-09
AACPS7,0.0,26.056800315230856,26.056800315230856,3.194858831344896e-09
AACPS8,0.0,26.056800315230856,26.056800315230856,6.104003981993443e-11
AACPS9,0.0,26.056800315230856,26.056800315230856,6.104003981993443e-11
ALAALAr,0.042933042291393164,1.1286330554260127,1.0857000131346195,3.270458531393303e-10
CDPDAG,0.0164308064364527,0.0164308064364527,0.0,0.0
CLPN,9.223232786933356e-05,9.223232786933356e-05,0.0,1.2449758021379487e-14
EAR100x,0.0,0.1015201225852156,0.1015201225852156,5.854920834269528e-08
EAR100y,0.0,0.1015201225852156,0.1015201225852156,5.8499774326588735e-08
EAR120x,0.0,0.1015201225852156,0.1015201225852156,5.854920834269528e-08
EAR120y,0.0,0.1015201225852156,0.1015201225852156,5.8499774326588735e-08
EAR121x,0.0,0.12266057019640615,0.12266057019640615,5.855205353899606e-08
EAR121y,0.0,0.12266057019640615,0.12266057019640615,5.8499774326588735e-08
EAR140x,0.0,0.1015201225852156,0.1015201225852156,5.854920834269528e-08
EAR140y,0.0,0.1015201225852156,0.1015201225852156,5.8499774326588735e-08
EAR141x,0.0,0.12266057019640615,0.12266057019640615,5.855205353899606e-08
EAR141y,0.0,0.12266057019640615,0.12266057019640615,5.8499774326588735e-08
EAR160x,0.0,0.10005205147032133,0.10005205147032133,5.854901052870787e-08
EAR160y,0.0,0.10005205147032133,0.10005205147032133,5.8499774326588735e-08
EAR161x,0.0,0.11999427792548979,0.11999427792548979,5.855169364632484e-08
EAR161y,0.0,0.11999427792548979,0.11999427792548979,5.8499774326588735e-08
EAR180x,0.0,0.0020513574798936194,0.0020513574798936194,0.0020513574798925647
EAR180y,0.0,0.0020513574798936194,0.0020513574798936194,5.8499774326588735e-08
EAR181x,0.0,0.11757395957098246,0.11757395957098246,5.8551367296266754e-08
EAR181y,0.0,0.11757395957098246,0.11757395957098246,5.8499774326588735e-08
EAR40x,0.0,0.22418069278162175,0.22418069278162175,5.85657169704934e-08
EAR40y,0.0,0.22418069278162175,0.22418069278162175,5.8499774326588735e-08
EAR60x,0.0,0.22418069278162175,0.22418069278162175,5.85657169704934e-08
EAR60y,0.0,0.22418069278162175,0.22418069278162175,5.8499774326588735e-08
EAR80x,0.0,0.22418069278162175,0.22418069278162175,5.85657169704934e-08
EAR80y,0.0,0.22418069278162175,0.22418069278162175,5.8499774326588735e-08
FA100ACPHi,0.0,26.056800315223317,26.056800315223317,6.102980550521488e-11
FA120ACPHi,0.0,26.056800315223317,26.056800315223317,3.1937804801892024e-09
FA140ACPHi,0.0,26.056800315223317,26.056800315223317,3.1937804801892033e-09
FA141ACPHi,0.0,26.056800315223317,26.056800315223317,3.1937804801892024e-09
FA160ACPHi,0.0,26.056800315223317,26.056800315223317,3.1937804801892024e-09
FA161ACPHi,0.0,26.056800315223317,26.056800315223317,3.1937804801892024e-09
FA80ACPHi,0.0,26.056800315223317,26.056800315223317,6.102980550521488e-11
FACOAL100t2pp,0.0,0.0,0.0,1.1364974103826004e-09
FACOAL120t2pp,0.0,0.0,0.0,1.1364974103826004e-09
FACOAL140t2pp,0.0,0.0,0.0,1.1364974103826004e-09
FACOAL141t2pp,0.0,0.0,0.0,1.1364974103826004e-09
FACOAL160t2pp,0.0,0.0,0.0,1.1364974103826004e-09
FACOAL161t2pp,0.0,0.0,0.0,1.1364974103826004e-09
FACOAL180t2pp,0.0,0.0,0.0,1.1364974103826004e-09
FACOAL181t2pp,0.0,0.0,0.0,1.1364974103826004e-09
FACOAL60t2pp,0.0,0.0,0.0,1.1364974103826004e-09
FACOAL80t2pp,0.0,0.0,0.0,1.1364974103826004e-09
G1PACT,0.0694204052271104,0.8357968850866175,0.7663764798595072,8.339133827917067e-10
GF6PTA,0.0694204052271104,26.126220720450355,26.056800315223246,3.1622233304107183e-09
GLUR,-0.02314013507570347,-0.02314013507570347,0.0,-1.8382123595022178e-09
INPTH,0.0,0.0,0.0,1.2477920557305655e-08
MI1PP,0.0,0.0,0.0,1.2477920557305655e-08
PGAMT,-0.8357968850865636,-0.0694204052271104,0.7663764798594532,-5.205951008343276e-13
PIM,0.0008564450593102455,0.0008564450593102455,0.0,1.1560511662539463e-13
PIT,0.0014098446679922613,0.0014098446679922613,0.0,1.9030436948508367e-13
T2DECAI,0.12266057019640586,0.1226605701964061,2.3592239273284576e-16,0.0
TDPGDH,0.0,0.0,0.0,0.0
UAAGDS,0.02314013507570347,0.02314013507570347,0.0,3.1236263575706857e-12
UAGCVT,0.04628027015140694,0.04628027015140694,0.0,1.257180053115814e-08
UAGDP,0.0694204052271104,26.126220720450355,26.056800315223246,3.5410326615359367e-09
UAGPT3,0.0,0.0,0.0,0.0
UAMAGS,0.02314013507570347,0.02314013507570347,0.0,3.1236263575706857e-12
UAMAS,0.02314013507570347,0.02314013507570347,0.0,3.1236263575706857e-12
UAMDH,0.04628027015140694,0.04628027015140694,0.0,0.04628027015140333
UDCPDP,0.0,0.0,0.0,0.0
UDPGALM,0.0,0.0,0.0,0.0
UDPGD,0.0,1.1329043615314458,1.1329043615314458,2.6321659532476418e-09
UGMDDS,0.0,0.0,0.0,0.0
3OAR121,0.12266057019640586,0.1226605701964061,2.3592239273284576e-16,1.645839020625317e-11
3OAR141,0.12266057019640586,0.1226605701964061,2.3592239273284576e-16,1.645839020625317e-11
3OAR161,0.11999427792548989,0.11999427792548974,-1.5265566588595902e-16,1.609848365724531e-11
3OAR181,0.11757395957098263,0.11757395957098248,-1.5265566588595902e-16,1.577210584358113e-11
G1PTT,0.0,0.0,0.0,-2.5414689487088695e-12
GALUi,0.042251920923789675,26.122192371222706,26.079940450298917,5.865698546866843e-06
PAPPT3,0.0,0.0,0.0,-2.1045262662176435e-10
ACONTa,0.682048664935353,5.662409589271952,4.980360924336599,5.9566197110307425e-09
ACONTb,0.682048664935353,5.662409589271952,4.980360924336599,5.9566197110307425e-09
AKGDH,5.66236272821416e-05,4.980417547964016,4.9803609243367335,9.453811788961985e-09
CITL,0.0,26.056800315223214,26.056800315223214,8.018936185763626e-09
CS,0.682048664935353,31.48486508979194,30.802816424856587,3.6576179973657474e-08
FRD2,0.0,32.622208663583635,32.622208663583635,16.469557866881708
FRD3,0.0,32.55411152767677,32.55411152767677,16.469557641886542
FUM,-0.23260278556955863,43.35390757710335,43.58651036267291,8.419204437369495e-09
ICDHyr,0.6820486649353636,5.662409589271926,4.980360924336562,9.453854143970375e-09
MDH,-27.97266510637838,24.02022350188767,51.99288860826605,8.378570493975119e-08
MDH2,0.0,30.408459793888586,30.408459793888586,8.37676245344345e-08
MDH3,0.0,30.408459793888554,30.408459793888554,8.37676245344345e-08
PYRC,-30.821714214952728,27.71549482412076,58.53720903907349,1.2060189056764238e-08
SUCOAS,0.0,4.980360924336768,4.980360924336768,3.4715468922081525e-09
2MAHMP,0.0,26.056800315223242,26.056800315223242,5.36143538396444e-11
ACBIPGT,0.0,0.0,0.0,0.0
ACPS1,0.0,0.0,0.0,4.3766312429343734e-10
ADCL,0.0,0.0,0.0,0.0
ADCS,0.0,0.0,0.0,0.0
ADOCBIK,0.0,0.0,0.0,0.0
ADOCBLS,0.0,0.0,0.0,0.0
ALATA_D2,0.0,0.0,0.0,0.0
ALATA_L2,0.0,0.0,0.0,0.0
AMAOTr,0.0,0.0,0.0,-8.307376882122859e-12
AMMQLT8,0.0,0.0,0.0,0.0
AMPMS2,0.0,0.0,0.0,0.0
ASP1DC,0.0003320218948785758,2.0848760471127363,2.0845440252178578,1.774510919336312e-09
ASPO5,0.0013126374517526962,0.0013126374517504757,-2.220446049250313e-15,3.822879512949129e-13
BMOCOS,0.0,0.0,0.0,0.0
BTS4,0.0,0.0,0.0,0.0
BWCOS,0.0,0.0,0.0,0.0
CDPMEK,0.00035084621832981005,0.00035084621832981005,0.0,4.7359848247968683e-14
CPMPS,0.0,0.0,0.0,0.0
CPPPGO,0.0,0.15792000191044384,0.15792000191044384,8.550930126418712e-11
CPPPGO2,0.0,0.0,0.0,0.0
DB4PS,0.0,0.0,0.0,1.173443034573983e-10
DBTS,0.0,0.0,0.0,0.0
DHFR,0.0,0.6466860000060979,0.6466860000060979,1.8372611051137834e-10
DHFS,0.0,0.0,0.0,0.0
DHNCOAS,0.0,0.0,0.0,2.2015779296062688e-10
DHNCOAT,0.0,0.0,0.0,2.2015779296062688e-10
DHPPDA2,0.0,0.0,0.0,3.821095095461854e-08
DHPS2,0.0,0.0,0.0,0.0
DHPTPE,0.0,0.0,0.0,-6.800181511384498e-09
DMATT,3.189511075725546e-05,3.189511075725546e-05,0.0,1.3514560118785615e-08
DMPPS,0.0,0.00035084621832981005,0.00035084621832981005,3.7739186803646376e-05
DPCOAK,0.0003320218948785758,0.0003320218948785758,0.0,1.2844380507109898e-14
DPR,0.0003320218948785758,0.0003320218948785758,0.0,1.2823075934420558e-14
DXPRIi,0.00035084621832981005,0.00035084621832981005,0.0,4.7359848247968683e-14
DXPS,0.00035084621832981005,0.00035084621832981005,0.0,4.7359848247968683e-14
FCLT,0.0,0.15792000191044384,0.15792000191044384,6.015663928126977e-11
FMNAT,0.0,0.0,0.0,0.0
G1SAT,0.0,1.2633600152835507,1.2633600152835507,-4.110322865013199e-09
GDPDPK,0.0,26.056800315223214,26.056800315223214,4.590048000562717e-09
GDPTPDP,0.0,26.056800315223214,26.056800315223214,2.7839839418061426e-09
GLUCYS,0.0,0.0,0.0,0.0
GLUTRR,0.0,1.2633600152835505,1.2633600152835505,1.6508495046113387e-10
GLYOD,0.0,0.0,0.0,0.0
GRTT,3.189511075725546e-05,3.189511075725546e-05,0.0,3.18951093706867e-05
GTHOr,0.0,0.0,0.0,-6.005021863777018e-11
GTHRDHpp,0.0,0.0,0.0,2.4644396888093504e-10
GTPCI,0.0,0.0,0.0,3.012514397149561e-10
GTPDPDP,0.0,13.028400157611607,13.028400157611607,2.040781144457732e-09
GTPDPK,0.0,26.056800315223214,26.056800315223214,2.783983941806143e-09
HETZK,0.0,0.0,0.0,0.0
HMBS,0.0,0.1579200019104438,0.1579200019104438,2.063561880764174e-11
HPPK2,0.0,0.0,0.0,0.0
ICHORS,0.0,0.0,0.0,-3.269153585750064e-12
IPDDI,-0.0003189511075725546,3.1895110757255464e-05,0.00035084621832981005,-2.6255793713607587e-09
IPDPS,0.0,0.00035084621832981005,0.00035084621832981005,0.00032479518358017424
LIPAMPL,0.0,0.0,0.0,0.0
LIPATPT,0.0,0.0,0.0,0.0
LIPOCT,0.0,0.0,0.0,4.834640707466581e-10
LIPOS,0.0,0.0,0.0,0.0
MECDPDH2,0.00035084621832981005,0.00035084621832981005,0.0,4.7359848247968683e-14
MECDPS,0.00035084621832981005,0.00035084621832981005,0.0,4.7359848247968683e-14
MEPCT,0.00035084621832981005,0.00035084621832981005,0.0,4.7359848247968683e-14
MOCOS,0.0,0.0,0.0,0.0
MOHMT,0.0003320218948785758,0.0003320218948785758,0.0,1.2823075934420558e-14
MPTAT,0.0,0.0,0.0,0.0
MPTS,0.0,0.0,0.0,0.0
MPTSS,0.0,0.0,0.0,0.0
MSDHD,0.0,0.0,0.0,0.0
NADDP,0.0,0.0,0.0,0.0
NADK,0.00025738047821888266,26.05705769570141,26.056800315223192,5.441377707790518e-09
NADPPPS,0.0,26.056800315223192,26.056800315223192,5.439739204149654e-09
NADS1,0.0013126374517526962,0.0013126374517504757,-2.220446049250313e-15,3.828092356994439e-13
NNAM,0.0,0.0,0.0,0.0
NNDMBRT,0.0,0.0,0.0,0.0
NNDPR,0.0013126374517526962,0.0013126374517504757,-2.220446049250313e-15,3.828092356994439e-13
NPHS,0.0,0.0,0.0,0.0
OCTDPS,0.0,0.0,0.0,0.0
OCTNLL,0.0,0.0,0.0,0.0
OHPBAT,0.0,0.0,0.0,-3.447182930590972e-13
OMBZLM,0.0,0.0,0.0,0.0
PANTS,0.0003320218948785758,0.0003320218948785758,0.0,4.203803362758194e-09
PMPK,0.0,26.056800315223192,26.056800315223192,5.3614353839644417e-11
PNTK,0.0003320218948785758,0.0003320218948785758,0.0,1.2844380507109898e-14
PPBNGS,0.0,0.6316800076417752,0.6316800076417752,8.254247523056696e-11
PPCDC,0.0003320218948785758,0.0003320218948785758,0.0,1.2844380507109898e-14
PPGPPDP,0.0,26.056800315223214,26.056800315223214,4.590048000562719e-09
PPNCL2,0.0003320218948785758,0.0003320218948785758,0.0,1.2844380507109898e-14
PPPGO,0.0,0.15510000187632875,0.15510000187632875,2.0635618807641737e-11
PPPGO3,0.0,0.15792000191044384,0.15792000191044384,2.0592148362117163e-11
PTPATi,0.0003320218948785758,0.0003320218948785758,0.0,1.2844380507109898e-14
PY5PSH,0.00012868958972609391,0.00012868958972609391,0.0,7.213164211601618e-13
PYDAMK,0.0,0.0,0.0,0.0
PYDXK,0.0,0.0,0.0,1.4421888288214008e-12
PYDXNK,0.0,0.0,0.0,0.0
QULNS,0.0013126374517526962,0.0013126374517504757,-2.220446049250313e-15,3.8312191960598874e-13
RBFSa,0.0,0.0,0.0,1.1734430345739832e-10
RBFSb,0.0,0.0,0.0,5.867215172869916e-11
RZ5PP,0.0,0.0,0.0,0.0
SEPHCHCS,0.0,0.0,0.0,0.0
SUCBZL,0.0,0.0,0.0,0.0
TDPDSH,0.0,0.0,0.0,0.0
TMPK,0.0,0.0,0.0,0.0
TMPPP,0.0,0.0,0.0,0.0
TRATF,0.0,0.0,0.0,0.0
TYRL,0.0,0.0,0.0,0.0
UDCPDPS,3.189511075725546e-05,3.189511075725546e-05,0.0,4.3054413658392965e-15
UPP3MT,0.0,0.0,0.0,0.0
UPP3S,0.0,0.15792000191044384,0.15792000191044384,2.0635618807641743e-11
UPPDC1,0.0,0.15792000191044384,0.15792000191044384,2.0635618807641743e-11
WCOS,0.0,0.0,0.0,0.0
NAMNPP,0.0,0.0,0.0,0.0
RBFK,0.0,0.0,0.0,-5.941961382700291e-11
ADSK,0.0,2.1747538393928205,2.1747538393928205,1.1297396711960207e-09
AMPTASECG,0.0,0.0,0.0,0.0
BPNT,0.0,2.1747538393928205,2.1747538393928205,1.1297396711960207e-09
CYSS,0.06408417793839186,1.25091074224984,1.1868265643114482,6.852974271387424e-09
MCPST,0.0,0.0,0.0,0.0
PAPSR,0.0,2.17475383939374,2.17475383939374,1.8160793909743226e-09
PAPSR2,0.0,0.0,0.0,4.2679970198461895e-10
SADT2,0.06408417793839186,2.2889141459235947,2.224829967985203,7.710307087238633e-09
SERAT,0.06408417793839186,1.4939855087013543,1.4299013307629624,5.2851560288371514e-09
SULRi,0.06408417793839186,2.2889141459235947,2.224829967985203,7.710307087238633e-09
EX_26dap__M_e,0.0,0.8985103556977331,0.8985103556977331,1.911029856465441e-09
EX_3amp_e,0.0,0.0,0.0,0.0
EX_3cmp_e,0.0,0.0,0.0,4.5093647572076766e-10
EX_3gmp_e,0.0,0.0,0.0,2.8292596256117128e-39
EX_3ump_e,0.0,0.0,0.0,0.0
EX_4abut_e,0.0,1.4476000175130155,1.4476000175130155,2.4720879830763864e-09
EX_ac_e,0.0,3.986760066033044,3.986760066033044,6.836807120436106e-08
EX_acald_e,0.0,2.8169513854307358,2.8169513854307358,5.802522681041515e-09
EX_acgam_e,0.0,0.0,0.0,3.337631112840381e-09
EX_acgam1p_e,0.0,0.766376479859832,0.766376479859832,8.339337173006416e-10
EX_acmana_e,0.0,0.0,0.0,0.0
EX_acser_e,0.0,1.4277698802868077,1.4277698802868077,1.7628320018136607e-09
EX_ade_e,0.0,1.2895501964369678,1.2895501964369678,3.423769429211985e-09
EX_adn_e,0.0,0.6504810725390017,0.6504810725390017,2.59529660154955e-09
EX_akg_e,0.0,1.628550019702141,1.628550019702141,2.5977875064128993e-09
EX_ala_L_e,0.0,2.2658087230638473,2.2658087230638473,1.7121349718936453e-08
EX_alaala_e,0.0,1.0857000131347612,1.0857000131347612,1.4799495317142216e-09
EX_ala_B_e,0.0,2.0845440252187397,2.0845440252187397,1.7745212572373522e-09
EX_ala__D_e,0.0,2.2658087230638473,2.2658087230638473,1.578016161404413e-08
EX_amp_e,0.0,0.642895287436506,0.642895287436506,2.5676207234383927e-09
EX_arg_L_e,0.0,1.002184627509009,1.002184627509009,4.739817369359031e-10
EX_asn_L_e,0.0,1.9301333566840173,1.9301333566840173,3.0803568268351396e-09
EX_asp_L_e,0.0,0.0,0.0,0.0
EX_ca2_e,-0.01637465552473475,-0.01637465552473475,0.0,0.0
EX_cgly_e,0.0,0.0,0.0,2.735122276799294e-10
EX_cit_e,0.0,1.4084756927153657,1.4084756927153657,3.1422860207938903e-09
EX_cmp_e,0.0,0.0,0.0,0.0
EX_co2_e,9.26789143443289,17.71874559072366,8.45085415629077,-9.429186320630834e-10
EX_cobalt2_e,-7.915532975370103e-05,-7.915532975370103e-05,0.0,0.0
EX_cu_e,0.0,0.0,0.0,0.0
EX_cu2_e,-0.0022296523963739726,-0.0022296523963739726,0.0,0.0
EX_cyan_e,0.0,0.0,0.0,0.0
EX_cys_L_e,0.0,1.1710921489992931,1.1710921489992931,8.707230953402742e-10
EX_cytd_e,0.0,0.7090285800062475,0.7090285800062475,4.549196751607363e-10
EX_dad_2_e,0.0,0.617683707537036,0.617683707537036,5.025987814397886e-10
EX_damp_e,0.0,0.6142425726761054,0.6142425726761054,5.039928523146049e-10
EX_dcmp_e,0.0,0.6638675239550137,0.6638675239550137,2.6381642051679887e-10
EX_dcyt_e,0.0,0.6681230850060066,0.6681230850060066,2.634339371166227e-10
EX_dgmp_e,0.0,0.6282424033923696,0.6282424033923696,4.689171098684627e-10
EX_dgsn_e,0.0,0.6318426463917524,0.6318426463917524,4.677100970824578e-10
EX_dha_e,0.0,0.0,0.0,0.0
EX_dimp_e,0.0,0.0,0.0,0.0
EX_din_e,0.0,0.0,0.0,0.0
EX_dms_e,0.0,0.0,0.0,0.0
EX_dmso_e,0.0,0.0,0.0,0.0
EX_dtmp_e,0.0,0.6354843907513599,0.6354843907513599,1.495074260117491e-09
EX_dump_e,0.0,0.7042378463576824,0.7042378463576824,4.0960158452799874e-10
EX_duri_e,0.0,0.7090285800063746,0.7090285800063746,4.086803198972201e-10
EX_etha_e,0.0,0.0,0.0,0.0
EX_etoh_e,0.0,2.3688000286576623,2.3688000286576623,6.260866429693794e-09
EX_f6p_e,0.0,1.031952487732051,1.031952487732051,9.45974806242992e-09
EX_fe2_e,-0.20360475387136628,-0.021123070332863595,0.1824816835385027,3.0846044746235535e-09
EX_fe3_e,-0.024561681628071055,0.0,0.024561681628071055,2.5522460464499908e-09
EX_for_e,0.0,0.0,0.0,0.0
EX_fru_e,0.0,1.0422720126093694,1.0422720126093694,1.0414993972229731e-08
EX_fruur_e,0.0,0.0,0.0,0.0
EX_fum_e,0.0,2.08454402521874,2.08454402521874,6.557808600898264e-09
EX_g1p_e,0.0,1.0319524877320507,1.0319524877320507,8.906888369003381e-09
EX_g3pe_e,0.0,0.0,0.0,0.0
EX_g3pg_e,0.0,0.0,0.0,0.0
EX_g3pi_e,0.0,0.0,0.0,0.0
EX_g3ps_e,0.0,0.0,0.0,0.0
EX_g6p_e,0.0,1.0319524877320507,1.0319524877320507,9.522788193114931e-09
EX_gal1p_e,0.0,0.9926400120089247,0.9926400120089247,3.893333615138022e-09
EX_gam_e,0.0,0.0,0.0,3.3862337907996023e-09
EX_gam6p_e,0.0,0.9926400120089249,0.9926400120089249,2.38138502084211e-09
EX_glc_e,-6.3,-6.3,0.0,0.0
EX_glcn_e,0.0,0.0,0.0,0.0
EX_glcur_e,0.0,0.0,0.0,0.0
EX_glcur1p_e,0.0,1.1329043615319254,1.1329043615319254,2.63213385992508e-09
EX_gln_L_e,0.0,1.371410542907068,1.371410542907068,1.8990860284007768e-09
EX_glu_L_e,0.0,1.4277698802868086,1.4277698802868086,2.414860349036137e-09
EX_gly_e,0.0,1.011914575348902,1.011914575348902,3.9816507999532367e-10
EX_glyald_e,0.0,1.9665579281178975,1.9665579281178975,3.015134881953748e-08
EX_glyc_e,0.0,1.7371261698374774,1.7371261698374774,5.424497753484908e-08
EX_glyc_R_e,0.0,0.0,0.0,0.0
EX_glyc3p_e,0.0,1.7086426436219189,1.7086426436219189,6.9635740440053305e-09
EX_gmp_e,0.0,0.6582480107185722,0.6582480107185722,1.8144845595247028e-09
EX_gsn_e,0.0,0.6622014522243893,0.6622014522243893,1.796544237353597e-09
EX_gthrd_e,0.0,0.0,0.0,2.462993752036841e-10
EX_gua_e,0.0,1.2746421016804714,1.2746421016804714,1.4953254917621815e-09
EX_h_e,0.0,9.914154594179674,9.914154594179674,1.668807163568431e-07
EX_h2_e,0.0,0.0,0.0,0.0
EX_h2o_e,20.17319870622969,34.468888782220105,14.295690075990414,2.652313924045302e-09
EX_h2s_e,0.0,2.2248299679852033,2.2248299679852033,1.7280557172094602e-09
EX_his_L_e,0.0,1.0352726929136065,1.0352726929136065,1.3242413062707052e-09
EX_hom__L_e,0.0,1.4889600180128835,1.4889600180128835,2.0061459607995784e-09
EX_hxan_e,0.0,1.3048111455065006,1.3048111455065006,3.403157783016647e-09
EX_ile_L_e,0.0,0.8272000100071596,0.8272000100071596,7.753065269343515e-10
EX_imp_e,0.0,0.0,0.0,0.0
EX_indole_e,0.0,0.6316800076418279,0.6316800076418279,1.5507538689782394e-10
EX_inost_e,0.0,0.0,0.0,0.0
EX_ins_e,0.0,0.6743519375859294,0.6743519375859294,5.978845886311302e-09
EX_k_e,-0.614045057292087,-0.614045057292087,0.0,0.0
EX_lac_D_e,0.0,2.3688000286568633,2.3688000286568633,1.534103954980992e-07
EX_lac_L_e,0.0,2.3688000286568633,2.3688000286568633,1.4249400348934188e-07
EX_leu_L_e,0.0,0.922364612928338,0.922364612928338,6.479513029734448e-10
EX_lys_L_e,0.0,0.9142736952710707,0.9142736952710707,1.8213218791892763e-09
EX_mal__L_e,0.0,2.0436706129588673,2.0436706129588673,5.830706362144409e-09
EX_malt_e,0.0,0.0,0.0,0.0
EX_man_e,0.0,0.0,0.0,0.0
EX_man6p_e,0.0,0.0,0.0,0.0
EX_met_L_e,0.0,0.7424682949178422,0.7424682949178422,6.424285492467874e-09
EX_mg2_e,-0.027290790882193515,-0.027290790882193515,0.0,0.0
EX_mn2_e,-0.0021750822776527663,-0.0021750822776527663,0.0,0.0
EX_mnl_e,0.0,0.0,0.0,0.0
EX_n2o_e,0.0,0.0,0.0,0.0
EX_na1_e,0.0,0.0,0.0,-1.1368683772161603e-13
EX_nac_e,0.0,0.0,0.0,0.0
EX_nh4_e,-10.332503286958476,-3.9625502471576417,6.3699530398008335,-1.0231815394945443e-12
EX_ni2_e,-0.0010152334690780517,-0.0010152334690780517,0.0,0.0
EX_nmn_e,0.0,0.0,0.0,0.0
EX_no_e,0.0,0.0,0.0,0.0
EX_no2_e,0.0,0.0,0.0,0.0
EX_no3_e,0.0,0.0,0.0,0.0
EX_o2_e,-16.317901070923895,-8.24954444632234,8.068356624601556,-1.3642420526593924e-12
EX_o2s_e,0.0,0.0,0.0,0.0
EX_orn_e,0.0,1.1207225942032475,1.1207225942032475,5.584371551350132e-10
EX_orot_e,0.0,0.0,0.0,0.0
EX_phe_L_e,0.0,0.6131011838876601,0.6131011838876601,2.1444081256435552e-10
EX_pheme_e,0.0,0.15792000191045766,0.15792000191045766,2.0635367202847838e-11
EX_pi_e,-1.9495306736352251,-0.2408880300141618,1.7086426436210633,-5.684341886080801e-13
EX_pnto__R_e,0.0,0.0,0.0,0.0
EX_ppa_e,0.0,0.0,0.0,0.0
EX_ppt_e,0.0,0.0,0.0,0.0
EX_pro_L_e,0.0,1.1207225942032468,1.1207225942032468,1.7827627955766587e-09
EX_progly_e,0.0,0.0,0.0,3.396932939790168e-10
EX_pydx_e,0.0,0.0,0.0,1.4413426673714124e-12
EX_pyr_e,0.0,2.816951385429784,2.816951385429784,7.235487916905101e-08
EX_rib__D_e,0.0,0.0,0.0,0.0
EX_sbt__D_e,0.0,0.0,0.0,0.0
EX_ser_L_e,0.0,2.368800028656858,2.368800028656858,2.1443863465736735e-09
EX_skm_e,0.0,0.0,0.0,0.0
EX_so3_e,0.0,0.0,0.0,0.0
EX_so4_e,-2.3025596921935767,-0.07772972420900762,2.224829967984569,-3.410605131648481e-12
EX_succ_e,0.0,1.9301333566833674,1.9301333566833674,8.438099035421114e-09
EX_sucr_e,0.0,0.0,0.0,4.745581725541869e-09
EX_tcynt_e,0.0,0.0,0.0,0.0
EX_thr_L_e,0.0,1.3896960168120254,1.3896960168120254,1.6160143494768058e-09
EX_thymd_e,0.0,0.6428952874361513,0.6428952874361513,1.5044157073008528e-09
EX_tma_e,0.0,0.0,0.0,0.0
EX_tmao_e,0.0,0.0,0.0,0.0
EX_tre_e,0.0,0.0,0.0,0.0
EX_trp_L_e,0.0,0.5010923137543353,0.5010923137543353,1.4481693332815643e-10
EX_tsul_e,0.0,0.0,0.0,0.0
EX_tyr_L_e,0.0,0.6394306825822197,0.6394306825822197,2.1303352831791855e-10
EX_uacgam_e,0.0,0.0,0.0,0.0
EX_udpg_e,0.0,0.0,0.0,0.0
EX_udpgal_e,0.0,0.0,0.0,0.0
EX_udpglcur_e,0.0,0.0,0.0,0.0
EX_ump_e,0.0,0.0,0.0,0.0
EX_ura_e,0.0,0.0,0.0,0.0
EX_urea_e,0.0,0.0,0.0,0.0
EX_uri_e,0.0,0.7552695743543628,0.7552695743543628,1.411479826864496e-09
EX_val_L_e,0.0,1.1580800140100203,1.1580800140100203,1.8071959007753576e-09
EX_xan_e,0.0,1.422665055423227,1.422665055423227,8.36132118901493e-09
EX_xmp_e,0.0,0.0,0.0,0.0
EX_xtsn_e,0.0,0.7045146440594234,0.7045146440594234,3.6679662693528154e-09
EX_xyl__D_e,0.0,0.0,0.0,0.0
EX_zn2_e,-0.0010725185190789202,-0.0010725185190789202,0.0,-0.001072521590282001
ACBCP,0.0,27.74157413485252,27.74157413485252,7.958078640513122e-13
BTNC,0.0,27.74157413485252,27.74157413485252,2.1450585530047306e-08
5FTHFC,0.0,0.0,0.0,0.0
FOMETRi,0.0,0.0,0.0,9.46569703832582e-09
FTHFD,0.0,26.05680031522551,26.05680031522551,1.135808638114133e-08
GLYCL,0.0,0.6724335565219514,0.6724335565219514,2.2111402868620443e-10
MTHFC,0.14145868124389904,2.986788792090117,2.8453301108462177,1.408745924987465e-10
MTHFD,0.14145868124389904,2.986788792090117,2.8453301108462177,1.1856774083212198e-10
MTHFR2,0.04032635123250683,0.7827946461503487,0.7424682949178418,6.424576537433779e-09
TMDS2,0.0,0.646686000006198,0.646686000006198,2.2607278506765024e-10
GLNS,0.46058756432648373,26.672983764310377,26.212396199983893,2.5132526415005962e-06
GLUDC,0.0,4.980360924336879,4.980360924336879,2.473283026566319e-09
GLUDy,0.0,46.3885899153145,46.3885899153145,2.070323157354892e-08
GLUN,0.0,26.05680031522552,26.05680031522552,7.74371035326036e-09
GLUSy,0.0,21.510405310565925,21.510405310565925,3.572836136759861e-09
ACPPAT120,0.0,0.0,0.0,0.0
ACPPAT140,0.0,26.056800315225495,26.056800315225495,8.28685085097071e-09
ACPPAT141,0.0,0.0,0.0,0.0
ACPPAT160,0.0,0.0,0.0,0.0
ACPPAT161,0.0,0.0,0.0,0.0
ACPPAT180,0.0,0.0,0.0,0.0
ACPPAT181,0.0,0.0,0.0,0.0
AGPAT120,0.0,0.0,0.0,0.0
AGPAT140,0.0,0.0,0.0,0.0
AGPAT141,0.0,0.0,0.0,0.0
AGPAT160,0.0,0.0,0.0,0.0
AGPAT161,0.0,0.0,0.0,0.0
AGPAT180,0.0,0.0,0.0,0.0
AGPAT181,0.0,0.0,0.0,0.0
APH140,0.0,26.056800315225495,26.056800315225495,8.28685085097071e-09
DASYN120,0.0,0.0,0.0,0.0
DASYN140,0.0,0.0,0.0,0.0
DASYN141,0.0,0.0,0.0,0.0
DASYN160,0.0,0.0,0.0,0.0
DASYN161,0.0,0.0,0.0,0.0
DASYN180,0.0,0.0,0.0,0.0
DASYN181,0.0,0.0,0.0,0.0
G3PAT120,0.0,0.0,0.0,5.22955185514235e-11
G3PAT140,0.0,0.0,0.0,3.2862424719592165e-11
G3PAT141,0.0,0.0,0.0,3.2862424719592165e-11
G3PAT160,0.0,0.0,0.0,3.2862424719592165e-11
G3PAT161,0.0,0.0,0.0,3.2862424719592165e-11
G3PAT180,0.0,26.056800315225495,26.056800315225495,8.25859511752419e-09
G3PAT181,0.0,0.0,0.0,4.683927332548846e-11
GPDDA2,0.0,0.0,0.0,0.0
GPDDA3,0.0,0.0,0.0,0.0
GPDDA4,0.0,0.0,0.0,0.0
GPDDA5,0.0,0.0,0.0,0.0
LPLIPAL1A180pp,0.0,26.056800315225495,26.056800315225495,8.269570866905802e-09
PGSA120,0.0,0.0,0.0,0.0
PGSA140,0.0,0.0,0.0,0.0
PGSA141,0.0,0.0,0.0,0.0
PGSA160,0.0,0.0,0.0,0.0
PGSA161,0.0,0.0,0.0,0.0
PGSA180,0.0,0.0,0.0,0.0
PGSA181,0.0,0.0,0.0,0.0
GHMT2r,0.2637057093205302,2.3653328023968725,2.1016270930763423,3.1802353444197014e-13
GLYCK2,0.0,0.0,0.0,0.0
PGCD,0.47286999794032036,12.800553785990385,12.327683788050065,3.801835180006208e-09
PSERT,0.47286999794032036,12.800553785990385,12.327683788050065,3.801835180006208e-09
PSP_L,0.47286999794032036,12.800553785990385,12.327683788050065,3.801835180006208e-09
SARCOX,0.0,0.0,0.0,0.0
SERD_L,0.0,12.24988584567085,12.24988584567085,2.296522365366991e-09
ENO,-4.1729452223874075,10.761262607118757,14.934207829506164,6.332378972667143e-08
FBA,0.8082182006804834,5.788579125016976,4.980360924336493,1.340406859617772e-08
FBP,0.0,26.056800315221327,26.056800315221327,1.110106730625047e-09
GAPD,6.253771680722599,11.311930547438282,5.058158866715683,6.332246798528678e-08
GLBRAN2,0.0,1000.0,1000.0,1.8971895081703103e-08
GLCP,0.0,999.9999999999999,999.9999999999999,2.0067496976036227e-08
GLCP2,0.0,1000.0,1000.0,1.8971895081703106e-08
GLCS1,0.0,1000.0,1000.0,2.006749697603622e-08
GLGC,0.0,1000.0,1000.0,2.006749697603622e-08
HEX1,0.0,26.05680031522139,26.05680031522139,8.324995753834832e-09
PDH,0.0,12.808182074495166,12.808182074495166,6.838638988426737e-08
PFK,0.8082182006805091,31.611034625535034,30.802816424854523,1.9116052740741907e-08
PGI,-8.714696998786861,31.603291780409677,40.31798877919654,2.9283930863094092e-08
PGK,6.253771680722611,11.311930547438267,5.058158866715656,6.333191430968708e-08
PGM,-4.1729452223874075,10.761262607118752,14.93420782950616,6.866684998385608e-11
PPS,0.0,26.056800315221274,26.056800315221274,7.973968747405028e-09
PYK,0.0,30.012220321889117,30.012220321889117,9.978575512548105e-07
TPI,0.7751112113586737,5.755472135695109,4.980360924336435,6.345097351596868e-08
GLYCK,0.0,0.0,0.0,0.0
ATPPRT,0.03567159405180286,1.0709442869651882,1.0352726929133853,1.3248814614841287e-09
HISTD,0.03567159405180286,1.0709442869651882,1.0352726929133853,1.3248814614841287e-09
HISTP,0.03567159405180286,1.0709442869651882,1.0352726929133853,1.3248814614841287e-09
HSTPT,0.03567159405180286,1.0709442869651882,1.0352726929133853,5.095345957661923e-09
IG3PS,0.03567159405180286,1.0709442869651882,1.0352726929133853,1.3248814614841287e-09
IGPDH,0.03567159405180286,1.0709442869651882,1.0352726929133853,1.3248814614841287e-09
PRAMPC,0.03567159405180286,1.0709442869651882,1.0352726929133853,1.3248814614841287e-09
PRATPP,0.03567159405180286,1.0709442869651882,1.0352726929133853,1.3248814614841287e-09
PRMICI,0.03567159405180286,1.0709442869651882,1.0352726929133853,1.872555353529986e-13
PRPPS,0.17261626819794126,26.307214525798496,26.134598257600555,8.169132954508479e-10
CA2t3pp,0.0,104.22720126088521,104.22720126088521,1.0243548855312787e-07
CAt6pp,-104.2435759164116,-0.01637465552473475,104.22720126088687,-0.016374641176699716
COBALT2abcpp,0.0,7.915532975370103e-05,7.915532975370103e-05,8.693911459089068e-09
COBALT2tpp,0.0,7.915532975370103e-05,7.915532975370103e-05,8.689762700682109e-09
CYANSTpp,0.0,0.0,0.0,0.0
FDMO,0.0,0.0,0.0,0.0
FE3abcpp,0.0,26.056800315221356,26.056800315221356,8.691472665446697e-09
FEROpp,0.0,0.006140420407017764,0.006140420407017764,6.37540202173342e-10
Kabcpp,0.0,21.091058275093907,21.091058275093907,9.498516816626437e-09
Kt2pp,0.0,52.727645687734814,52.727645687734814,6.044461908771837e-08
Kt3pp,0.0,52.1136006304427,52.1136006304427,5.094943512390898e-08
MG2t3_2pp,-17.34390941926562,0.027290790882193515,17.371200210147816,8.597309005455578e-06
MG2uabcpp,0.0,17.371200210147645,17.371200210147645,7.448881517718414e-09
MN2tpp,0.0,0.0021750822776527663,0.0021750822776527663,1.0380856017540643e-07
NAt3_1p5pp,0.0,34.74240042029509,34.74240042029509,3.4526909029179236e-08
NAt3_2pp,0.0,52.11360063044268,52.11360063044268,5.1769232774518225e-08
NAt3pp,0.0,104.22720126088537,104.22720126088537,1.0273423539988162e-07
NH4tpp,3.9625502471580876,10.33250328695875,6.369953039800661,4.34875390369025e-06
NI2tpp,0.0,0.0010152334690780517,0.0010152334690780517,8.692495532614322e-09
NI2uabcpp,0.0,0.0010152334690780517,0.0010152334690780517,8.691443415734164e-09
NO2t2rpp,0.0,104.22720126088542,104.22720126088542,0.0
NO3t7pp,0.0,104.22720126088542,104.22720126088542,1.0216060237113728e-07
O2tpp,8.24954444632253,16.317901070924176,8.068356624601646,1.0231815394945443e-12
PIt2rpp,-34.501512390281384,104.46808929089957,138.96960168118096,1.1126031426674924e-08
PIuabcpp,0.0,34.74240042029511,34.74240042029511,9.468025174722145e-09
PPTHpp,0.0,0.0,0.0,0.0
SFRD,0.0,0.0,0.0,0.0
SO3TRDRD,0.0,2.2889141459230524,2.2889141459230524,7.71117894537987e-09
SULabcpp,0.07772972420900709,2.3025596921936646,2.2248299679846575,0.0002526881035462134
ZN2abcpp,0.0,26.056800315221363,26.056800315221363,8.692295122569468e-09
ZN2t3pp,0.0,104.22720126088507,104.22720126088507,1.0292514125691757e-07
ZN2tpp,0.0,104.22827377940415,104.22827377940415,1.1161742402240361e-07
ZNabcpp,0.0,20.84565475588086,20.84565475588086,8.691479633250762e-09
CD2tpp,0.0,0.0,0.0,0.0
CU2tpp,0.0022296523963739726,0.0022296523963739726,0.0,3.011180714496131e-13
FE2tpp,0.021123070332863595,0.20360475387136662,0.18248168353850303,0.021123072880182035
D52DGK,0.0,0.0,0.0,0.0
D5GIS,0.0,0.0,0.0,0.0
MI1PS,0.0,0.0,0.0,0.0
MI2DH,0.0,0.0,0.0,3.1433286115412335e-11
MI2DHT,0.0,0.0,0.0,0.0
THCDH,0.0,0.0,0.0,0.0
U23GAAT,0.0,0.0,0.0,0.0
UAGAAT,0.0,0.0,0.0,0.0
ACACT1r,0.0,0.0,0.0,5.7823335265311205e-08
ACCOAC,0.0,27.741574134848374,27.741574134848374,1.2758832181063202e-08
ACOAD1f,0.0,0.0,0.0,1.672906596927935e-09
ACOAD2f,0.0,0.0,0.0,1.672906596927935e-09
ACOAD3f,0.0,0.0,0.0,1.672906596927935e-09
ACOAD4f,0.0,0.0,0.0,1.672906596927935e-09
ACOAD5f,0.0,0.0,0.0,1.672906596927935e-09
ACOAD6f,0.0,0.0,0.0,1.672906596927935e-09
ACOAD7f,0.0,0.0,0.0,1.672906596927935e-09
ACOAD8f,0.0,0.0,0.0,1.672906596927935e-09
ACOATA,-26.05680031522148,0.22418069278162184,26.280981008003103,0.0
KAS14,0.0,0.22418069278162184,0.22418069278162184,6.759128126189945e-10
KAS15,0.0,0.22418069278162184,0.22418069278162184,1.1826546353344014e-08
MACPD,0.0,26.056800315221345,26.056800315221345,8.691479633250757e-09
MCOATA,1.6847558031364165,27.74155611835776,26.056800315221345,-1.5984369383659214e-10
TDCM_FREE,0.0022784356841779345,0.0022784356841779345,0.0,0.0
TMCM_FREE,0.005943734093810589,0.005943734093810589,0.0,7.604325155674552e-13
ACHACB,0.0,0.0,0.0,0.0
AHCYSNS,0.0,0.0,0.0,0.0
CYSTL,0.04032635123250444,0.7827946461501833,0.7424682949176789,6.423973922253801e-09
HSST,0.0,0.7827946461501856,0.7827946461501856,2.0543241143150525e-09
METAT,0.00012868958972609391,0.00012868958972609391,0.0,1.7364446469256278e-14
METS,0.04032635123250444,0.782794646150183,0.7424682949176786,6.423973922253801e-09
METSOXR1,0.0,0.0,0.0,0.0
SHSL1,0.0,0.7827946461501833,0.7827946461501833,3.445706732829734e-06
GLYOX,0.0,0.0,0.0,0.0
LGTHL,0.0,0.0,0.0,0.0
MCTP1App,0.0,0.0,0.0,0.0
MCTP1Bpp,0.0,0.0,0.0,0.0
MCTP2App,0.0,0.0,0.0,0.0
MDDCP3pp,0.0,0.0,0.0,0.0
MDDCP4pp,0.0,0.0,0.0,0.0
MDDCP5pp,0.0,0.0,0.0,0.0
MPTG,0.0,0.0,0.0,0.0
MPTG2,0.0,0.0,0.0,0.0
AGM4PApp,0.0,0.0,0.0,0.0
NHFRBO,0.0,0.0,0.0,0.0
NO3R1bpp,0.0,0.0,0.0,3.447920134456472e-08
NO3R2bpp,0.0,0.0,0.0,3.447920134456472e-08
NTRIR3pp,0.0,0.0,0.0,0.0
NTRIR4pp,0.0,0.0,0.0,0.0
3NTD2pp,0.0,0.0,0.0,1.3746583460183353e-09
3NTD4pp,0.0,0.0,0.0,4.511980338789722e-10
3NTD7pp,0.0,0.0,0.0,0.0
3NTD9pp,0.0,0.0,0.0,0.0
ADK1,-999.220777844963,1000.0,1999.2207778449629,1.3448065541632296e-07
ADK2,-0.6214744201066024,26.05300960266952,26.67448402277612,-9.121014430763301e-09
ADK3,-999.3690131163553,999.8517647286083,1999.2207778449635,1.9297955573017898e-07
ADK4,-26.056800315229545,0.0,26.056800315229545,-5.2229737637177025e-09
ADNCYC,0.0,0.0,0.0,0.0
ADNK1,0.0,26.056800315225406,26.056800315225406,1.1589991281171518e-08
ADPRDP,0.0,0.0,0.0,0.0
ADPT,0.0,26.056800315225427,26.056800315225427,2.8428789078162208e-09
AMPN,0.0,26.056800315225427,26.056800315225427,3.422427020687818e-09
AP5AH,0.0,0.0,0.0,0.0
ATPHs,0.0,11.5808001401002,11.5808001401002,3.040621857666611e-09
CYTDK2,0.0,26.05680031522541,26.05680031522541,7.367871132216582e-09
CYTK1,-0.6933247501245781,26.072504145107075,26.765828895231653,3.969698609190534e-10
CYTK2,-0.6725371292002915,26.052386271031004,26.724923400231297,-8.699137653767873e-09
DCTPD,0.0,0.7026304964825948,0.7026304964825948,6.848411955180459e-10
DGK1,-0.6362566905860102,26.052386271031065,26.688642961617074,-8.611447934796761e-09
DTMPK,0.0,26.056800315225413,26.056800315225413,-4.24651679491655e-08
DURIK1,0.0,26.056800315225377,26.056800315225377,7.667169312772012e-09
DUTPDP,0.0,26.056800315225477,26.056800315225477,1.8088552292630018e-07
GK1,0.030004640699879175,26.086804955925288,26.05680031522541,-2.1409201425471152e-10
GP4GH,0.0,0.0,0.0,0.0
GSNHYDRO,0.0,13.028400157612717,13.028400157612717,2.426511195339679e-09
GSNK,0.0,26.056800315225416,26.056800315225416,7.667169312772012e-09
GTPHs,0.0,8.685600105075142,8.685600105075142,2.5880453242828267e-09
GUAPRT,0.0,13.028400157612717,13.028400157612717,1.8701403447500724e-09
HXPRT,0.0,13.028400157612733,13.028400157612733,1.9167026628782288e-09
INSH,0.0,13.038124900410146,13.038124900410146,3.4018234560090958e-09
NDPK1,-999.2207778449638,1000.0,1999.2207778449638,1.9815188976000982e-07
NDPK2,0.4705860025101099,26.55052645281123,26.07994045030112,-5.072811372309108e-11
NDPK3,-0.7251389062528516,26.068090100912638,26.79322900716549,6.332341203485239e-10
NDPK4,0.0,26.056800315225416,26.056800315225416,-4.20093170974279e-09
NDPK5,0.0,26.056800315225413,26.056800315225413,-5.0653736809863547e-11
NDPK6,-0.7026304964825262,26.056800315225477,26.759430811708004,8.646290317794009e-08
NDPK7,-8.673617379884034e-19,26.056800315225473,26.056800315225473,-5.0653736810697345e-11
NDPK8,0.0,26.056800315225477,26.056800315225477,-5.0653736810697345e-11
NNATr,0.0013126374517531641,0.0013126374517556138,2.4496463885137487e-15,-8.651363447747342e-12
NTD1,0.0,26.056800315225377,26.056800315225377,7.667169312772012e-09
NTD10,0.0,1.4226650554232003,1.4226650554232003,3.6666205465608887e-09
NTD11,0.0,13.038124900410194,13.038124900410194,5.976501670718274e-09
NTD12,0.0,0.0,0.0,0.0
NTD2,0.0,0.7552695743543613,0.7552695743543613,1.4109619757083316e-09
NTD3,0.0,0.668123085005781,0.668123085005781,2.6333064863004504e-10
NTD4,-1.734723475976807e-18,26.05680031522542,26.05680031522542,7.367871132216582e-09
NTD5,0.0,0.6428952874361417,0.6428952874361417,1.5038258485176904e-09
NTD6,0.0,0.6176837075366846,0.6176837075366846,5.024017200130828e-10
NTD7,0.0,26.056800315225292,26.056800315225292,7.664478514042101e-09
NTD8,0.0,0.631842646391394,0.631842646391394,7.52256901229437e-09
NTD9,0.0,26.056800315225434,26.056800315225434,7.667169312772009e-09
NTPP1,0.0,26.056800315225384,26.056800315225384,8.389184135231502e-09
NTPP10,0.0,0.0,0.0,0.0
NTPP11,0.0,8.685600105075086,8.685600105075086,2.5880453242828263e-09
NTPP3,0.0,26.056800315225235,26.056800315225235,8.632567469550676e-09
NTPP4,0.0,26.056800315225406,26.056800315225406,7.99559333425734e-09
NTPP5,0.0,26.05680031522543,26.05680031522543,9.08638200393372e-09
NTPP9,0.0,11.580800140100243,11.580800140100243,3.040621857666611e-09
NTPTP1,0.0,0.6176837075366849,0.6176837075366849,4.985089855382625e-10
NTPTP2,0.0,13.028400157612717,13.028400157612717,4.177823946626726e-09
RNDR1,0.003790712570047117,0.6214744201065749,0.6176837075365278,5.037952442374372e-10
RNDR1b,0.0,0.0,0.0,0.0
RNDR2,0.004414044194405424,0.6362566905856386,0.6318426463912332,4.687332544675571e-10
RNDR2b,0.0,0.0,0.0,0.0
RNDR3,0.004414044194405622,0.7070445406768442,0.7026304964824386,6.783638061003128e-10
RNDR3b,0.0,0.0,0.0,0.0
RNDR4,0.0,0.7408688908488298,0.7408688908488298,2.182849363069339e-09
RNDR4b,0.0,0.0,0.0,0.0
RNTR2c,0.0,0.0,0.0,-2.4039605135656753e-23
RNTR3c,0.0,0.0,0.0,-2.4039605135656753e-23
RNTR4c,0.0,0.0,0.0,-2.4039605135656762e-23
TMDS,0.0,0.6466860000060248,0.6466860000060248,1.7299204659905476e-09
UMPK,0.0912372709826452,26.148037586204186,26.05680031522154,-1.4431677935479571e-11
UPPRT,0.0,0.0,0.0,0.0
URIDK2r,-0.740868890848924,26.053009602651493,26.793878493500415,-1.810634680538965e-07
XTSNH,0.0,1.42266505542284,1.42266505542284,2.534196772373478e-09
NTP1,0.0,26.05680031522154,26.05680031522154,8.683837737248527e-09
NTP10,0.0,26.05680031522154,26.05680031522154,8.294803394206062e-09
NTP11,0.0,0.0,0.0,0.0
NTP12,0.0,0.0,0.0,0.0
NTP3,0.0,26.05680031522154,26.05680031522154,8.30188013352136e-09
NTP5,0.0,26.056800315221334,26.056800315221334,8.30188013352136e-09
NTPP2,0.0,26.05680031522154,26.05680031522154,8.216374515432226e-09
NTPP6,0.0,26.05680031522154,26.05680031522154,8.29834025512134e-09
NTPP7,0.0,26.05680031522154,26.05680031522154,4.146245750851753e-09
NTPP8,0.0,26.05680031522154,26.05680031522154,7.192767717479645e-09
ATPS4rpp,26.131937558684616,62.348407199295025,36.21646964061041,1.4812068049299735e-07
CAT,0.0,0.0,0.0,0.0
CRNCAL2,0.0,0.0,0.0,0.0
CRNDCAL2,0.0,0.0,0.0,0.0
CTBTCAL2,0.0,0.0,0.0,0.0
CYTBD2pp,0.0,32.62220866358295,32.62220866358295,5.1757180539739e-08
CYTBDpp,0.0,32.6235213010347,32.6235213010347,5.1757180539739e-08
CYTBO3_4pp,0.0,32.6235213010347,32.6235213010347,1.2068918664454031e-07
DMSOR1pp,0.0,0.0,0.0,0.0
DMSOR2pp,0.0,0.0,0.0,0.0
FDH4pp,0.0,0.0,0.0,0.0
FDH5pp,0.0,0.0,0.0,0.0
G3PD5,0.0,24.607865499074872,24.607865499074872,1.2203376300039535e-08
G3PD6,0.0,24.607865499074872,24.607865499074872,2.010890829248229e-08
G3PD7,0.0,24.607865499074872,24.607865499074872,2.010890829248229e-08
HYD1pp,0.0,0.0,0.0,0.0
HYD2pp,0.0,0.0,0.0,0.0
HYD3pp,0.0,0.0,0.0,0.0
LDH_D2,0.0,30.408459793887445,30.408459793887445,4.044395472978308e-08
NADH10,0.0,30.408459793887445,30.408459793887445,1.2027358661441132e-08
NADH16pp,0.0,32.55411152767601,32.55411152767601,16.46955764185379
NADH17pp,0.0,32.55411152767601,32.55411152767601,16.46955764185379
NADH18pp,0.0,32.55411152767601,32.55411152767601,16.46955764185379
NADH5,0.0,30.40845979388744,30.40845979388744,4.6823574710177675e-08
NADH9,0.0,30.40845979388744,30.40845979388744,5.160802164895067e-08
NADPHQR2,0.0,24.607865499074883,24.607865499074883,1.98393282349092e-08
NADPHQR3,0.0,24.60786549907489,24.60786549907489,1.98393282349092e-08
NADPHQR4,0.0,24.607865499074876,24.607865499074876,1.98393282349092e-08
NO3R1pp,0.0,0.0,0.0,0.0
NO3R2pp,0.0,0.0,0.0,0.0
NTRIR2x,0.0,0.0,0.0,0.0
POX,0.0,12.270806972769458,12.270806972769458,2.080087227325603e-08
PPKr,-1000.0,24.921818808330727,1024.9218188083307,-8.071765478234738e-12
SPODM,0.0,0.0,0.0,0.0
SUCDi,0.0,32.62352130103209,32.62352130103209,16.469557866851485
TMAOR1pp,0.0,0.0,0.0,0.0
TMAOR2pp,0.0,4.9737991503206694e-15,4.9737991503206694e-15,0.0
TRDR,0.08049369146729707,2.305323659451408,2.2248299679841113,7.709773569564149e-09
L_LACD2,0.0,30.408459793886053,30.408459793886053,3.039131595340068e-08
L_LACD3,0.0,30.408459793886053,30.408459793886053,3.039131595340068e-08
G6PDH2r,3.0808688933348066e-15,14.941082773009379,14.941082773009375,2.061721670613711e-08
GND,0.0,14.941082773009379,14.941082773009379,5.0178527999378275e-08
PGL,0.0,14.941082773009379,14.941082773009379,5.0178527999378275e-08
RPE,-0.9766594764835279,9.592335604694384,10.568995081177912,1.717428181571412e-08
RPI,-5.348747168315192,-0.3683862439785362,4.980360924336656,-1.0674308597234605e-08
TALA,-0.4262403255738004,4.858257215015175,5.284497540588975,8.91746777974764e-09
TKT1,-0.4262403255738004,4.858257215015175,5.284497540588975,2.809162382921772e-09
TKT2,-0.826265458950107,4.734078389679208,5.560343848629315,8.917466780546919e-09
ADSL1r,0.058560496947532334,11.648004852865636,11.589444355918104,-3.2631821921619105e-11
ADSL2r,0.052893543595608716,1.4755585990188451,1.4226650554232365,-3.263078802642742e-11
ADSS,0.058560496947532334,11.648004852865636,11.589444355918104,3.921938523943069e-09
AICART,0.08856513764741132,1.5112301930706469,1.4226650554232356,3.2175633177806915e-09
AIRC2,0.05289354359560618,1.475558599018844,1.4226650554232378,5.976853442724028e-09
AIRC3,-1.4755585990194287,-0.052893543596169934,1.4226650554232587,-1.2158517211179705e-11
ASPCT,0.06809713590694191,0.8481718513095383,0.7800747154025964,1.5039246376025162e-09
CTPS2,0.023382951832200165,0.7598116437720979,0.7364286919398977,6.784177525309687e-10
DHORD2,0.0,0.8481718513095382,0.8481718513095382,2.247871600108013e-07
DHORD5,0.0,0.8481718513095382,0.8481718513095382,2.264974911653228e-07
DHORTS,-0.8481718513100418,-0.06809713590694157,0.7800747154031002,-2.6288453666421653e-11
GARFT,-25.926108829255373,1.4755585990188433,27.401667428274216,2.969036156181809e-09
GART,0.0,26.05680031521974,26.05680031521974,2.27813391623366e-08
GLUPRT,0.05289354359561052,1.475558599018842,1.4226650554232314,2.27813391623366e-08
GMPS2,0.030004640699879154,8.735054231367867,8.705049590667988,2.5881856727250074e-09
IMPC,-1.5112301930712297,-0.08856513764797325,1.4226650554232565,2.818069333443418e-09
IMPD,0.030004640699879157,1.4526696961225416,1.4226650554226625,4.341135196803125e-08
OMPDC,0.0680971359069416,0.848171851309549,0.7800747154026074,1.5039246376025162e-09
ORPT,-0.8481718513100427,-0.068097135906943,0.7800747154030997,-9.344599200496467e-11
PRAGSr,0.0528935435956079,1.475558599018863,1.4226650554232552,1.673991134527736e-08
PRAIS,0.0528935435956079,1.475558599018863,1.4226650554232552,2.27813391623366e-08
PRASCSi,0.0528935435956079,1.475558599018863,1.4226650554232552,2.27813391623366e-08
PRFGS,0.0528935435956079,1.475558599018863,1.4226650554232552,2.27813391623366e-08
ACALD,-26.056800315230856,0.0,26.056800315230856,-3.1398465704264677e-12
ACKr,-3.9089282683559015,26.161210844390887,30.070139112746787,-2.8234610958288663e-08
ALCD2x,-2.3688000286573687,0.0,2.3688000286573687,-2.618677345320428e-10
FHL,0.0,0.0,0.0,0.0
LDH_D,-30.408459793894462,0.0,30.408459793894462,-1.4284400670255898e-07
OAADC,0.0,26.05680031521999,26.05680031521999,6.625660798051068e-09
PTAr,-26.161210844401715,3.9089282683545656,30.07013911275628,2.8009581325621236e-08
LDH,0.0,30.40845979388631,30.40845979388631,1.424458565648025e-07
ASAD,-1.8971593665820756,-0.4081993485688771,1.4889600180131985,-7.486592674331884e-09
ASPK,0.4081993485688771,1.897159366581451,1.488960018012574,7.451460091525607e-09
DAPDC,0.09929322702913536,1.0135669223000126,0.9142736952708772,2.372411399276242e-08
DAPDH,0.0,1.036707057375716,1.036707057375716,4.439075607098886e-09
DAPE,0.0,1.0015644452612844,1.0015644452612844,-2.5458538877459014e-09
DHDPRy,0.12243336210483882,1.036707057375716,0.9142736952708772,1.910384142544963e-09
DHDPS,0.12243336210483882,1.036707057375716,0.9142736952708772,1.910384142544963e-09
HSDy,-1.7747260044772368,-0.2857659864640383,1.4889600180131985,-5.992133403714244e-09
HSK,0.24543963523153234,1.6351356520432674,1.389696016811735,1.3444009239194088e-09
SDPDS,0.0,1.0015644452612846,1.0015644452612846,2.3571688863057566e-09
SDPTA,-1.0015644452616583,0.0,1.0015644452616583,-7.570863937198057e-12
THDPS,0.0,1.0015644452612846,1.0015644452612846,2.525491041228874e-09
THRS,0.24543963523153234,1.6351356520432674,1.389696016811735,1.3444009239194088e-09
26DAHtex,-26.056800315230802,0.0,26.056800315230802,0.0
3AMPtex,0.0,0.0,0.0,0.0
3CMPtex,0.0,0.0,0.0,-4.509956852416508e-10
3GMPtex,0.0,0.0,0.0,0.0
3UMPtex,0.0,0.0,0.0,0.0
ABUTt2pp,0.0,104.22720126087994,104.22720126087994,1.0202818843710444e-07
ABUTtex,-104.22720126092285,0.0,104.22720126092285,-3.861144810939765e-09
ACACtex,0.0,0.0,0.0,0.0
ACALDtpp,-2.8169513854285677,0.0,2.8169513854285677,-5.803485692013055e-09
ACGAM1Ptex,-0.7663764798592424,0.0,0.7663764798592424,-8.341203283634968e-10
ACGAptspp,0.0,0.0,0.0,0.0
ACGAtex,0.0,0.0,0.0,0.0
ACMANAptspp,0.0,0.0,0.0,3.794853645259698e-08
ACMANAtex,0.0,0.0,0.0,0.0
ACMUMptspp,0.0,0.0,0.0,3.794853645259698e-08
ACSERtex,-1.427769880285712,0.0,1.427769880285712,0.0
ACt2rpp,-3.986760066030564,0.0,3.986760066030564,-2.8564160930805818e-08
ADEt2rpp,-1.2895501964353762,0.0,1.2895501964353762,-1.4677880244562402e-08
ADNt2rpp,-0.650481072538198,0.0,0.650481072538198,-3.923901203961577e-09
ADOCBLabcpp,0.0,0.0,0.0,0.0
AKGt2rpp,-1.62855001970089,0.0,1.62855001970089,0.0
ALAabcpp,0.0,26.05680031521998,26.05680031521998,8.689217343411048e-09
ALAALAabcpp,0.0,26.05680031521997,26.05680031521997,8.687352134005003e-09
ALAALAtex,-26.0568003152142,-4.1633363423443276e-15,26.056800315214197,0.0
ALAtex,-26.056800315214222,0.0,26.056800315214222,0.0
AMPtex,-0.6428952874357117,0.0,0.6428952874357117,0.0
ARBabcpp,0.0,34.74240042029352,34.74240042029352,9.459552606680596e-09
ARBt2rpp,-34.74240042028562,52.11360063044003,86.85600105072565,-1.0998911602226396e-09
ARBt3ipp,0.0,52.11360063044003,52.11360063044003,5.136390097786614e-08
ARBTptspp,0.0,0.0,0.0,0.0
ARGabcpp,0.0,20.845440252175635,20.845440252175635,8.01497452818206e-09
ARGORNt7pp,0.0,52.11360063043999,52.11360063043999,-6.778948850193182e-10
ARGt3pp,0.0,52.11360063043999,52.11360063043999,5.14415759011758e-08
ASCBptspp,0.0,0.0,0.0,0.0
ASNabcpp,0.0,34.742400420293514,34.742400420293514,9.48287190590155e-09
ASNt2rpp,-34.74240042028562,0.0,34.74240042028562,0.0
ASPabcpp,0.0,0.0,0.0,0.0
ASPt2pp,0.0,0.0,0.0,0.0
ASPt2rpp,0.0,0.0,0.0,0.0
BALAt2pp,0.0,104.22720126088137,104.22720126088137,1.0355625390910397e-07
BALAtex,-104.22720126085683,0.0,104.22720126085683,0.0
BCCPE,0.0,0.0,0.0,0.0
CGLYabcpp,0.0,26.056800315220112,26.056800315220112,8.687768793579774e-09
CGLYtex,-26.056800315214236,0.0,26.056800315214236,0.0
CHTBSptspp,0.0,0.0,0.0,0.0
CITt3pp,0.0,104.22720126090304,104.22720126090304,1.0356200330526772e-07
CITt7pp,0.0,52.11360063045103,52.11360063045103,5.145993012698873e-08
CITtex,-52.113600630428415,104.22720126090374,156.34080189133215,0.0
CLt3_2pp,0.008187327762367375,0.008187327762367375,0.0,1.105247837696055e-12
CRNabcpp,0.0,34.74240042030101,34.74240042030101,9.483401903846575e-09
CRNDabcpp,0.0,34.74240042030075,34.74240042030075,9.483401903846575e-09
CRNDt2rpp,-34.74240042028562,1000.0,1034.7424004202855,0.0
CRNt2rpp,-1000.0,0.0,1000.0,0.0
CRNt8pp,0.0,1000.0,1000.0,1000.0
CTBTabcpp,0.0,34.74240042030101,34.74240042030101,9.471915997399344e-09
CTBTt2rpp,-34.74240042028558,0.0,34.74240042028558,-3.2120558154272134e-10
CUt3,0.0,104.22720126090304,104.22720126090304,1.0266546723869396e-07
CUtex,0.0,104.22720126090304,104.22720126090304,0.0
CYANtex,0.0,0.0,0.0,0.0
CYSabc2pp,0.0,13.028400157612884,13.028400157612884,8.68783767033033e-09
CYSabcpp,0.0,26.056800315225768,26.056800315225768,8.68783767033033e-09
CYStpp,0.0,26.056800315225768,26.056800315225768,8.68783767033033e-09
CYTDt2pp,0.0,1000.0,1000.0,1000.0
CYTDt2rpp,-1000.0,0.0,1000.0,0.0
DADNtex,-0.6176837075362706,0.0,0.6176837075362706,-5.027231964049861e-10
DALAt2pp,0.0,104.22720126090331,104.22720126090331,1.0234096733924345e-07
DALAtex,-104.2272012608567,0.0,104.2272012608567,0.0
DAMPtex,-0.6142425726753447,0.0,0.6142425726753447,0.0
DAPabcpp,0.0,26.056800315225825,26.056800315225825,8.687834451848175e-09
DCMPtex,-0.663867523954502,0.0,0.663867523954502,-2.638671503518708e-10
DCYTtex,-0.668123085005492,0.0,0.668123085005492,-2.6352608983870596e-10
DGMPtex,-0.6282424033915912,0.0,0.6282424033915912,0.0
DGSNtex,-0.6318426463909703,0.0,0.6318426463909703,0.0
DHAtpp,0.0,0.0,0.0,0.0
DIMPtex,0.0,0.0,0.0,0.0
DINStex,0.0,0.0,0.0,0.0
D_LACt2pp,-2.368800028655835,0.0,2.368800028655835,-8.662937034387141e-11
DMSOtex,0.0,0.0,0.0,0.0
DMStex,0.0,0.0,0.0,0.0
DSERt2pp,0.0,0.0,0.0,0.0
DTMPtex,-0.6354843907505723,0.0,0.6354843907505723,0.0
DUMPtex,-0.7042378463571402,0.0,0.7042378463571402,0.0
DURIt2pp,0.0,104.22720126090327,104.22720126090327,1.03548811095881e-07
DURItex,-104.22720126085663,0.0,104.22720126085663,0.0
ETHAtex,0.0,0.0,0.0,0.0
ETOHtrpp,-2.368800028655835,0.0,2.368800028655835,0.0
EX_biomass,0.4847953057880492,0.4847953057880492,0.0,6.543660058255796e-11
EX_BIOTIN,-1.152005995670885e-06,-1.152005995670885e-06,0.0,0.0
EX_cl,-0.01637465552473475,-0.01637465552473475,0.0,0.0
F6Pt6_2pp,0.0,52.113600630451636,52.113600630451636,5.1224968555287503e-08
F6Ptex,-52.11360063042859,0.0,52.11360063042859,0.0
FE3DHBZStonex,0.0,0.0,0.0,0.0
FE3tex,-26.056800315214318,0.024561681628071055,26.08136199684239,3.183231456205249e-12
FRUpts2pp,0.0,15.006110160947085,15.006110160947085,8.701606238246983e-09
FRUtex,-15.006110160940738,0.0,15.006110160940738,0.0
FRUURt2rpp,0.0,0.0,0.0,-1.2388965440650863e-09
FUMt2_2pp,0.0,52.113600630451636,52.113600630451636,5.1477870932301515e-08
FUMt2_3pp,0.0,34.742400420301095,34.742400420301095,3.45163403836936e-08
FUMtex,-52.11360063042859,0.0,52.11360063042859,0.0
G1Ptex,-1.0319524877312543,0.0,1.0319524877312543,0.0
G3PCabcpp,0.0,0.0,0.0,0.0
G3PEabcpp,0.0,26.05680031522583,26.05680031522583,8.65928572532094e-09
G3PEtex,-26.056800315214296,0.0,26.056800315214296,0.0
G3PGabcpp,0.0,26.05680031522583,26.05680031522583,8.65928572532094e-09
G3PGtex,-26.056800315214172,0.0,26.056800315214172,0.0
G3PIabcpp,0.0,26.05680031522583,26.05680031522583,8.65928572532094e-09
G3PItex,-26.056800315214172,0.0,26.056800315214172,0.0
G3PSabcpp,0.0,26.05680031522583,26.05680031522583,8.65928572532094e-09
G3PStex,-26.056800315214172,0.0,26.056800315214172,0.0
G6Pt6_2pp,0.0,52.113600630451636,52.113600630451636,5.122673507684186e-08
G6Ptex,-52.1136006304283,0.0,52.1136006304283,0.0
GAL1Ptex,-0.99264001200816,0.0,0.99264001200816,-3.8942289393162355e-09
GALTptspp,0.0,0.0,0.0,0.0
GAM6Pt6_2pp,0.0,52.113600630451636,52.113600630451636,5.122673507684186e-08
GAMAN6Ptex,-52.113600630428344,0.0,52.113600630428344,0.0
GAMptspp,0.0,0.0,0.0,3.3881979190554753e-09
GAMtex,0.0,0.0,0.0,0.0
GLCabcpp,0.0,6.3,6.3,4.6010229865466046e-05
GLCNt2rpp,0.0,0.0,0.0,0.0
GLCptspp,0.0,6.3,6.3,5.045354090071896e-08
GLCUR1Ptex,-1.1329043615310508,0.0,1.1329043615310508,0.0
GLCURt2rpp,0.0,0.0,0.0,0.0
GLNabcpp,0.0,34.7424004203011,34.7424004203011,9.482517349883032e-09
GLNt2rpp,-34.74240042028556,0.0,34.74240042028556,0.0
GLUabcpp,0.0,26.05680031522583,26.05680031522583,8.667063074919918e-09
GLUt4pp,0.0,1000.0,1000.0,1000.0
GLUtex,-1000.0,0.0,1000.0,0.0
GLYALDtpp,-1.9665579281164078,0.0,1.9665579281164078,0.0
GLYBabcpp,0.0,0.0,0.0,9.475373791162239e-09
GLYBt2pp,0.0,0.0,0.0,1.28013153432917e-13
GLYC2Pabcpp,0.0,0.0,0.0,0.0
GLYC3Pabcpp,0.0,26.05680031522583,26.05680031522583,8.659004680623916e-09
GLYC3Pt6pp,0.0,104.22720126090327,104.22720126090327,1.0245014493664022e-07
GLYC3Ptex,-104.22720126085827,0.0,104.22720126085827,0.0
GLYCAt2rpp,0.0,0.0,0.0,0.0
GLYCtpp,0.0,1.7371261698369118,1.7371261698369118,0.0
GLYtex,-1.0119145753481378,0.0,1.0119145753481378,-3.9824499253882095e-10
GMPtex,-0.6582480107177666,0.0,0.6582480107177666,0.0
GSNt2pp,0.0,104.22720126090327,104.22720126090327,1.0355238203427079e-07
GSNtex,-104.2272012608795,0.0,104.2272012608795,0.0
GTHRDabc2pp,0.0,26.05680031522583,26.05680031522583,8.667687800175735e-09
GTHRDabcpp,0.0,26.05680031522583,26.05680031522583,8.687027321752482e-09
GTHRDtex,-26.056800315219924,26.05680031522583,52.11360063044575,0.0
GUAt2pp,0.0,104.22720126090327,104.22720126090327,1.0355236324908006e-07
GUAtpp,-104.2272012608797,0.0,104.2272012608797,0.0
H2Otpp,-34.46888878221642,-20.17319870622869,14.295690075987729,-9.777068044058979e-12
H2St1pp,0.0,1000.0,1000.0,1000.0000000017284
H2Stex,-2.2248299679841064,1000.0,1002.2248299679841,0.0
H2tpp,0.0,0.0,0.0,0.0
HISabcpp,0.0,34.74240042029324,34.74240042029324,9.484282570320225e-09
HISt2rpp,-34.74240042029345,0.0,34.74240042029345,0.0
HOMt2pp,0.0,104.22720126088046,104.22720126088046,1.0357679959579132e-07
HOMtex,-1.4889600180125728,104.22720126088046,105.71616127889304,0.0
HYXNtpp,-1.304811145506034,0.0,1.304811145506034,0.0
ILEabcpp,0.0,34.742400420293244,34.742400420293244,9.479834462345519e-09
ILEt2rpp,-34.742400420293436,0.0,34.742400420293436,-1.3543125624091766e-08
INDOLEt2pp,0.0,1000.0,1000.0,1000.0000000001551
INDOLEt2rpp,-0.6316800076416986,1000.0,1000.6316800076416,0.0
INSt2pp,0.0,1000.0,1000.0,1000.0
INSt2rpp,-1000.0,0.0,1000.0,0.0
LEUabcpp,0.0,34.74240042029302,34.74240042029302,9.481077460328086e-09
LEUt2rpp,-34.742400420293,0.0,34.742400420293,-2.0471036084689342e-08
L_LACt2rpp,-2.3688000286563504,0.0,2.3688000286563504,0.0
LYSabcpp,0.0,34.74240042029302,34.74240042029302,9.490973823160586e-09
LYSt2pp,-34.7424004202931,52.1136006304399,86.856001050733,-1.6050370845411627e-10
LYSt3pp,0.0,52.1136006304399,52.1136006304399,5.1452687662479106e-08
MALt3pp,0.0,2.043670612958425,2.043670612958425,5.832038514907625e-09
MALTabcpp,0.0,0.0,0.0,0.0
MALTptspp,0.0,0.0,0.0,0.0
MAN6Pt6_2pp,0.0,0.0,0.0,0.0
MANptspp,0.0,0.0,0.0,0.0
METabcpp,0.0,34.74240042029358,34.74240042029358,9.46491662454928e-09
METt2rpp,-34.742400420293166,0.0,34.742400420293166,-2.1600499167107046e-12
MNLptspp,0.0,0.0,0.0,0.0
MNt2pp,0.0,0.0021750822776527663,0.0021750822776527663,1.0379422108508446e-07
NACtpp,0.0,0.0,0.0,0.0
NAtex,-1000.0,104.24357591640455,1104.2435759164046,0.0
NMNt7pp,0.0,0.0,0.0,0.0
NO3tex,-104.22720126087943,0.0,104.22720126087943,-1.8989618453517935e-08
NOtex,0.0,0.0,0.0,0.0
O2Stex,0.0,0.0,0.0,0.0
ORNabcpp,0.0,20.845440252175933,20.845440252175933,8.024666209648544e-09
OROTt2_2pp,0.0,0.0,0.0,0.0
PA120abcpp,0.0,0.0,0.0,0.0
PA140abcpp,0.0,0.0,0.0,0.0
PA141abcpp,0.0,0.0,0.0,0.0
PA160abcpp,0.0,0.0,0.0,0.0
PA161abcpp,0.0,0.0,0.0,0.0
PA180abcpp,0.0,0.0,0.0,0.0
PA181abcpp,0.0,0.0,0.0,0.0
PGP120abcpp,0.0,0.0,0.0,0.0
PGP140abcpp,0.0,0.0,0.0,0.0
PGP141abcpp,0.0,0.0,0.0,0.0
PGP160abcpp,0.0,0.0,0.0,0.0
PGP161abcpp,0.0,0.0,0.0,0.0
PGP180abcpp,0.0,0.0,0.0,0.0
PGP181abcpp,0.0,0.0,0.0,0.0
PHEMEabcpp,0.0,0.15696867659771044,0.15696867659771044,2.059074284746976e-11
PHEMEtiex,0.0,0.15792000191042382,0.15792000191042382,2.0639653358761014e-11
PHEt2rpp,-0.613101183887526,0.0,0.613101183887526,2.1452706278068945e-10
PNTOt4pp,0.0,0.0,0.0,1.726989883750001e-10
PPAt4pp,0.0,0.0,0.0,0.0
PROabcpp,0.0,20.845440252175923,20.845440252175923,7.999140046259948e-09
PROGLYabcpp,0.0,0.0,0.0,0.0
PROt3pp,0.0,104.22720126087984,104.22720126087984,1.0301762259026648e-07
PROt4pp,0.0,104.22720126087984,104.22720126087984,1.0301762259026647e-07
PSERtex,0.0,0.0,0.0,7.649265973209542e-10
PTRCORNt7pp,-52.113600630439635,0.0,52.113600630439635,-5.1454776439641137e-08
PTRCt2pp,0.0,52.11360063043989,52.11360063043989,5.147022154463524e-08
PYDXtpp,0.0,0.0,0.0,1.4421786940707735e-12
PYRt2rpp,-2.8169513854291766,0.0,2.8169513854291766,0.0
R5Ptex,0.0,0.0,0.0,1.2627661374473226e-09
RIBabcpp,0.0,0.0,0.0,5.1929902331299715e-09
SBTptspp,0.0,0.0,0.0,0.0
SERabcpp,0.0,20.845440252175933,20.845440252175933,8.019451596919936e-09
SERt3pp,0.0,20.845440252175933,20.845440252175933,8.019451596919936e-09
SKMt2pp,0.0,0.0,0.0,0.0
SPMDabcpp,0.0,20.845440252175933,20.845440252175933,8.01372772235425e-09
SPMDt3pp,0.0,20.845440252175933,20.845440252175933,8.01372772235425e-09
SUCCt2_2pp,0.0,52.1136006304399,52.1136006304399,5.148581294633914e-08
SUCCt2_3pp,0.0,34.742400420293265,34.742400420293265,3.439504066364827e-08
SUCCt3pp,0.0,34.74240042029321,34.74240042029321,3.453782055303212e-08
SUCptspp,0.0,0.0,0.0,7.457557928470363e-09
THMabcpp,0.0,0.0,0.0,0.0
THMDt2pp,0.0,1000.0,1000.0,1000.0
THMDt2rpp,-1000.0,0.0,1000.0,0.0
THRabcpp,0.0,20.845440252175937,20.845440252175937,8.019211525187119e-09
THRt2pp,0.0,20.845440252175937,20.845440252175937,8.019211525187119e-09
TREabcpp,0.0,0.0,0.0,0.0
TREptsp,0.0,15.006110160943752,15.006110160943752,6.081834265706245e-09
TREptspp,0.0,0.0,0.0,0.0
TRPabcpp,0.0,34.74240042029303,34.74240042029303,9.477452548426857e-09
TRPt2rpp,-34.742400420293244,-1.6653345369377403e-15,34.742400420293244,1.0216804924780297e-09
TYRt2rpp,-34.74240042029362,0.0,34.74240042029362,0.0
URAt2pp,0.0,1000.0,1000.0,4.208786978589281e-06
URAt2rpp,-1000.0,0.0,1000.0,5.580557946698321e-10
UREAtpp,0.0,0.0,0.0,1.60157402636486e-10
URIt2pp,0.0,1000.0,1000.0,1000.0
URIt2rpp,-1000.0,0.0,1000.0,0.0
VALabcpp,0.0,34.74240042029302,34.74240042029302,9.483508294536032e-09
VALt2rpp,-34.74240042029329,0.0,34.74240042029329,2.1759373069740729e-10
XANt2pp,0.0,104.22720126087967,104.22720126087967,1.0233840217891284e-07
XANtpp,-104.30499920325889,0.0,104.30499920325889,0.0
XTSNt2rpp,-0.7045146440591629,0.0,0.7045146440591629,-3.6691290006274357e-09
XYLabcpp,0.0,0.0,0.0,0.0
XYLUt2pp,0.0,104.22720126087967,104.22720126087967,1.015468921995179e-07
XYLUtex,-104.22720126088156,0.0,104.22720126088156,8.516709332944458e-10
CO2tpp,9.267891434434276,17.718745590720886,8.45085415628661,6.935726659662578e-08
FORt2pp,0.0,0.0,0.0,4.971620923883366e-10
Biotinabcpp,0.0,26.05680031521989,26.05680031521989,8.691760301758487e-09
Biotint3pp,0.0,104.22720126088012,104.22720126088012,1.0360880079935428e-07
Biotintpp,0.0,104.22720241288611,104.22720241288611,1.123010835647971e-07
ALATRS,0.0,0.0,0.0,0.0
ARGTRS,0.0,0.0,0.0,0.0
ASNTRS,0.0,0.0,0.0,0.0
ASPTRS,0.0,0.0,0.0,0.0
CYSTRS,0.0,0.0,0.0,0.0
FMETTRS,0.0,0.0,0.0,2.1333616551577483e-08
GLNTRS,0.0,0.0,0.0,0.0
GLUTRS,0.0,1.2633600152833908,1.2633600152833908,8.267984096185573e-10
GLYTRS,0.0,0.0,0.0,0.0
HISTRS,0.0,0.0,0.0,0.0
ILETRS,0.0,0.0,0.0,0.0
LEUTRS,0.0,0.0,0.0,0.0
LYSTRS,0.0,0.0,0.0,0.0
METTRS,0.0,0.0,0.0,0.0
PHETRS,0.0,0.0,0.0,0.0
PROTRS,0.0,0.0,0.0,0.0
SERTRS,0.0,0.0,0.0,0.0
SERTRS2,0.0,0.0,0.0,0.0
THRTRS,0.0,0.0,0.0,0.0
TRPTRS,0.0,0.0,0.0,0.0
TYRTRS,0.0,0.0,0.0,0.0
VALTRS,0.0,0.0,0.0,0.0
ANPRT,0.014641357191436433,0.6463213648331319,0.6316800076416954,1.551560095680582e-10
ANS,0.014641357191436433,0.6463213648331319,0.6316800076416954,1.551560095680582e-10
CHORM,0.10940877855480266,0.7488394611368868,0.6394306825820841,2.1452759013662615e-10
CHORS,0.12417882533596519,0.7636095079180494,0.6394306825820841,2.1452759013662615e-10
DDPA,0.12417882533596519,0.7636095079180494,0.6394306825820841,2.1452759013662615e-10
DHQS,0.12417882533596519,0.7636095079180494,0.6394306825820841,2.1452759013662615e-10
DHQTi,0.12417882533596519,0.7636095079180494,0.6394306825820841,2.1452759013662615e-10
IGPS,0.0,0.6463213648331316,0.6463213648331316,1.0377018475754562e-07
PHETA1,0.06814770056830949,0.6812488844558371,0.6131011838875275,3.770869564447768e-09
PPND,0.041261077986493165,0.6806917605685773,0.6394306825820841,2.1318006387938127e-10
PPNDH,0.06814770056830949,0.6812488844558371,0.6131011838875275,2.1449947373852751e-10
PRAIi,0.014641357191436433,0.646321364833132,0.6316800076416955,1.551560095680582e-10
PSCVT,0.12417882533596519,0.7636095079180494,0.6394306825820841,7.468014433146076e-13
SHK3Dr,0.12417882533596519,0.7636095079180494,0.6394306825820841,1.6074994806094288e-05
SHKK,0.12417882533596519,0.7636095079180494,0.6394306825820841,2.1452759013662615e-10
TRPS1,0.0,0.5157336709456655,0.5157336709456655,8.132073410493934e-09
TRPS2,0.0,0.5157336709456655,0.5157336709456655,7.986701105025471e-09
TRPS3,0.0,0.6463213648331319,0.6463213648331319,7.986701105025471e-09
TYRRRpp,0.0,34.74240042029302,34.74240042029302,9.48768373918529e-09
TYRTA,0.041261077986493165,0.6806917605685774,0.6394306825820842,3.7709504927673696e-09
INPSHE,0.0,0.6424278626353416,0.6424278626353416,1.0360880079935428e-07
AGPSC,0.016865622429512145,0.016865622429512145,0.0,2.233536272600034e-12
ARATH,0.0478517206578094,0.0478517206578094,0.0,6.4626637374942675e-12
ATPM,0.0,26.05680031521986,26.05680031521986,8.691760301758487e-09
DNA,0.005037023227137831,0.005037023227137831,0.0,6.802804847216848e-13
FREENTCO,0.1904494479225974,0.1904494479225974,0.0,2.5679763870911643e-11
IONS,0.030165903107355573,0.030165903107355573,0.0,4.07408481950533e-12
MYCOLI,0.051378606507417456,0.051378606507417456,0.0,6.938991048421883e-12
PA,0.016865622429512145,0.016865622429512145,0.0,2.233536272600034e-12
PEPTH,0.0478517206578094,0.0478517206578094,0.0,6.4626637374942675e-12
PPTHTH,0.014103665035985927,0.014103665035985927,0.0,1.9047836224972414e-12
RNA,0.02518511613568916,0.02518511613568916,0.0,3.401400688884948e-12
PROTEIN,0.2619252078111672,0.2619252078111672,0.0,3.537459214442151e-11
SOL_POOL,0.0012987666242061837,0.0012987666242061837,0.0,1.7540613059252586e-13
ACHBS,0.10035926262492682,0.9275592726319097,0.827200010006983,7.757096076588255e-10
ACLS,0.3325553362304845,1.4906353502402605,1.158080014009776,1.8081122155066964e-09
DHAD1,0.3325553362304845,1.4906353502402605,1.158080014009776,1.8081122155066964e-09
DHAD2,0.10035926262492682,0.9275592726319098,0.8272000100069831,7.757096076588255e-10
ILETA,0.10035926262492682,0.9275592726319098,0.8272000100069831,2.794239208264092e-12
IPMD,0.18687577801703345,1.1092403909451716,0.9223646129281381,6.48288173143996e-10
IPPMIa,-1.1092403909450719,-0.18687577801703345,0.9223646129280384,2.6824142850272023e-13
IPPMIb,-1.1092403909450719,-0.18687577801703345,0.9223646129280384,2.6824142850272023e-13
IPPS,0.18687577801703345,1.1092403909451714,0.9223646129281379,6.48288173143996e-10
KARA1,-1.490635350240134,-0.3325553362304839,1.15808001400965,-1.433477387348293e-10
KARA2,0.10035926262492682,0.927559272631955,0.8272000100070283,3.5929444876523656e-13
OMCDC,0.18687577801703345,1.109240390945223,0.9223646129281896,6.48288173143996e-10
THRD_L,0.10035926262492682,0.9275592726319553,0.8272000100070285,7.180441302656604e-08
VALTA,0.0,1.3034275503284127,1.3034275503284127,4.308623840311745e-08
LEUTAi,0.18687577801703345,1.109240390945223,0.9223646129281896,2.794239208264092e-12
