id,ec773differernce
HOMtex,1.1380052455933765e-10
ADEt2rpp,-1.1937117960769683e-11
ACALDtpp,-9.777068044058979e-12
ADNt2rpp,-7.389644451905042e-12
AKGt2rpp,-7.048583938740194e-12
L_LACt2rpp,-6.139089236967266e-12
3AMPtex,-5.7980287238024175e-12
PTRCORNt7pp,-4.433786671143025e-12
H2St1pp,1000.0000000000017
DADNtex,-1.4779288903810084e-12
DAMPtex,-1.4779288903810084e-12
ACGAM1Ptex,-1.4779288903810084e-12
FRUtex,-1.3642420526593924e-12
3CMPtex,-7.958078640513122e-13
DCMPtex,-7.958078640513122e-13
UAGAAT,-3.410605131648481e-13
GAL1Ptex,-3.410605131648481e-13
INDOLEt2pp,1000.0000000000002
GLYtex,-1.1368683772161603e-13
DTMPtex,0.0
DUMPtex,0.0
DCYTtex,0.0
DGMPtex,0.0
DGSNtex,0.0
DHAtpp,0.0
DIMPtex,0.0
URIt2pp,1000.0
DINStex,0.0
D_LACt2pp,0.0
ETOHtrpp,0.0
ETHAtex,0.0
TYRt2rpp,0.0
DURItex,0.0
DMSOtex,0.0
DMStex,0.0
F6Ptex,0.0
GAMAN6Ptex,0.0
G3PStex,0.0
G6Ptex,0.0
GLYCAt2rpp,0.0
GLYC3Ptex,0.0
GLYALDtpp,0.0
GLUtex,0.0
GLNt2rpp,0.0
GLCURt2rpp,0.0
GLCUR1Ptex,0.0
GLCNt2rpp,0.0
GAMtex,0.0
URIt2rpp,0.0
G3PItex,0.0
G3PGtex,0.0
G3PEtex,0.0
G1Ptex,0.0
FUMtex,0.0
ACHMSC,0.0
XTSNt2rpp,0.0
XANtpp,0.0
DALAtex,0.0
CYTDt2rpp,0.0
GMPtex,0.0
PYRt2rpp,0.0
GLYCtpp,3.410605131648481e-13
PHEt2rpp,0.0
O2Stex,0.0
GSNtex,0.0
GTHRDtex,1.1368683772161603e-13
GUAtpp,0.0
H2Stex,0.0
H2tpp,0.0
HISt2rpp,0.0
HYXNtpp,0.0
INDOLEt2rpp,0.0
NOtex,0.0
INSt2pp,1000.0
INSt2rpp,0.0
GLUt4pp,1000.0
CYANtex,0.0
AMPtex,0.0
CUtex,0.0
CRNt2rpp,0.0
NAtex,0.0
CITtex,0.0
CGLYtex,0.0
BCCPE,0.0
BALAtex,0.0
ASNt2rpp,0.0
EX_na1_e,0.0
ALAtex,0.0
ALAALAtex,0.0
ACSERtex,0.0
ACMANAtex,0.0
ACGAtex,0.0
THMDt2rpp,0.0
3UMPtex,0.0
3GMPtex,0.0
26DAHtex,0.0
THMDt2pp,1000.0
CRNDt2rpp,0.0
BAMPN,0.0
NO2t2rpp,0.0
GLCATr,0.0
NAMNPP,0.0
CYTDt2pp,1000.0
TRATF,0.0
MCITD,0.0
HPYRI,0.0
ALCD19,0.0
MALTATr,0.0
D5GIS,0.0
ACOATA,0.0
MI2DHT,0.0
CRNt8pp,1000.0
AMANAPEr,0.0
EX_BIOTIN,0.0
EX_cobalt2_e,0.0
EX_ni2_e,0.0
EX_zn2_e,0.0
EX_mn2_e,0.0
EX_cu2_e,0.0
TDCM_FREE,0.0
APG,0.0
EX_cl,0.0
EX_ca2_e,0.0
CDPDAG,0.0
FE3tex,-1.4779288903810084e-12
EX_mg2_e,0.0
G3PD2,-1.887201506178826e-11
METt2rpp,3.979039320256561e-12
IMPC,1.1368683772161603e-13
GLUNATF,-2.3874235921539366e-12
AGPR,0.0
T2DECAI,0.0
EX_so4_e,2.2737367544323206e-13
CBMKr,0.0
EX_pi_e,3.410605131648481e-13
EX_k_e,0.0
PPKr,1.3869794202037156e-11
HCO3E,998.5185617672005
MCOATA,-2.1088908397359774e-10
ACBCP,-2.6489033189136535e-11
EX_nh4_e,5.684341886080801e-13
O2tpp,-5.9117155615240335e-12
EX_o2_e,5.684341886080801e-13
PGM,1.8542323232395574e-10
EX_co2_e,-5.582023732131347e-11
EX_h2o_e,-4.320099833421409e-11
H2Otpp,4.547473508864641e-12
SUCDi,16.32208227215508
NADH18pp,16.32208227211309
NADH16pp,16.322082272113086
NADH17pp,16.322082272113086
FRD3,16.322082272072308
FRD2,16.322082272069213
UAMDH,0.04581564834480301
FE2tpp,0.020911009363085764
EAR180x,0.002030763273870988
IPDPS,0.00031574592640387514
GLYK,9.130635227675411e-05
GRTT,3.1574904797640836e-05
DMPPS,3.156841217483207e-05
ACACT1r,-6.67191773107147e-08
CAt6pp,-1.4064106385489258e-07
MAN6PI,-3.709241469056002e-08
DHPTPE,-4.358576080546149e-08
TKT1,1.5526299754781003e-09
LEUt2rpp,-8.961262304765468e-09
ADK3,-6.944313198204141e-09
ADK4,-6.9436440206790586e-09
ARGORNt7pp,-1.1642002736368528e-08
CTBTt2rpp,-7.78223290731258e-09
ABUTtex,-5.330735489827365e-09
ACt2rpp,-1.0727506477622495e-08
TPI,-4.331209367661567e-09
MCITL2,-1.1432252812251419e-08
IPDDI,-1.3468165737804971e-08
PSERtex,-1.4193383502951286e-09
ACOAD6f,-5.459240460293182e-10
ACOAD2f,-1.7275399875096716e-09
ACOAD7f,-1.740471533591688e-09
ACOAD8f,-2.0905256715585127e-09
ACOAD1f,-1.8540539329755736e-09
ACOAD5f,-1.821810331281316e-09
ACOAD4f,-1.8430448328600573e-09
ACOAD3f,-2.0234800445273343e-09
PIt2rpp,-3.5220832587113593e-09
NH4tpp,-3.481353678858908e-09
MG2t3_2pp,-3.350192017005143e-09
RPI,4.984605101796321e-10
VALt2rpp,6.365808635463596e-09
DHACOAH,-6.429176845408605e-09
GLUR,-7.79700544106185e-09
URAt2rpp,1.9450775325922406e-09
URAt2pp,6.599525082832757e-09
ILEt2rpp,5.954973629814849e-09
FRUURt2rpp,4.3735874602844855e-09
TRPt2rpp,5.389733344746384e-09
NO3tex,5.071317605078679e-09
LYSt2pp,4.955399493324858e-09
SHSL1,4.025121696598098e-09
GND,3.3308529268083475e-09
PGL,3.3308529268083475e-09
G6PDH2r,2.2208701418788703e-09
UDPG4E,-4.587934927409935e-09
RPE,3.517188552816199e-10
GLNS,2.73287966933525e-09
SERAT,-4.287053433543975e-09
MTHFC,-7.89013159707243e-10
UREAtpp,1.6236815702360148e-09
OCBT,-2.3618563007669333e-09
PGI,-5.306958206240007e-10
PYK,1.2120357810896259e-09
LDH_D,-2.999754298167819e-10
PGK,-3.235191209586875e-10
GK1,-1.613029452261661e-10
DGK1,-1.9897247123861314e-10
PTAr,-1.6287851845638408e-10
DHORD2,4.0197263121693213e-10
ARGSL,-5.225099855714098e-10
ALCD2x,-1.2685226770367803e-10
ORPT,-1.2261769988771476e-10
PAPPT3,-2.812284925771469e-10
PRAGSr,-8.509142924259902e-11
GTHOr,-3.080334595960497e-10
ADK1,1.0711358607282756e-10
TKT2,7.740038463681572e-12
TALA,2.273189268124839e-12
CYTK1,-7.736616333353124e-11
ACKr,1.6428346875623603e-10
ASAD,-1.0959542115441889e-10
CYTK2,-5.3808671134620266e-11
DHFR,-2.714483163258028e-10
GALUi,-4.725107877439164e-10
GSNHYDRO,1.6189527653438878e-10
NDPK1,-3.926882079184028e-11
NDPK2,-3.845719224968806e-11
NDPK3,-3.8207504826173336e-11
NDPK5,-3.8163946965361564e-11
NDPK6,-3.81639469653626e-11
NDPK8,-3.816394696536167e-11
NDPK7,-3.8160936767339884e-11
NDPK4,-3.796913313887857e-11
SHK3Dr,-4.927366570285439e-10
MAN1PG,-1.4228672227771484e-10
INPSHE,1.360604900590611e-10
DALAt2pp,1.2939146920379217e-10
CUt3,1.2751646664521595e-10
ADSL2r,4.418297956702403e-12
ADSL1r,4.414502381736966e-12
PGMT,-1.6719420542194988e-10
3OAR180,-1.6014079553390936e-10
3OAR160,-1.6014092693921264e-10
3OAR100,-1.601437024967742e-10
3OAR120,-1.601437024967742e-10
3OAR140,-1.6014094081700045e-10
3OAR80,-1.6014370249677364e-10
3OAR60,-1.6014370249677364e-10
3OAR40,-1.6014370249677364e-10
MDH,-1.2874354288613223e-10
HOMt2pp,1.1377515886421348e-10
DURIt2pp,1.1131566836764963e-10
Biotint3pp,1.0191465990471313e-10
Biotintpp,1.0168675004257507e-10
ACONTb,-1.0797734648056259e-10
ACONTa,-1.0797734648056259e-10
NADH9,9.783806558310209e-11
DAPE,-5.994969338839752e-11
DHORTS,-3.954581777003835e-11
FUM,-1.0102640644254961e-10
ADK2,-3.793600739820791e-11
NADH5,8.887694042820533e-11
MTHFD,-3.4219139667426174e-11
XANt2pp,8.792621225358889e-11
ABUTt2pp,8.519761508573748e-11
ENO,-3.247468545517745e-11
PROt4pp,8.036788161840724e-11
GLYC3Pt6pp,8.016433410007685e-11
PROt3pp,7.949648162962645e-11
MALGT,-7.625659800971914e-11
GUAt2pp,7.437489476318319e-11
GSNt2pp,7.437489476318319e-11
3OAS180,7.349916205171003e-11
AACPS5,7.349842640286386e-11
3OAS160,7.34918514933014e-11
3OAS181,7.348979758070584e-11
3OAS161,7.348961716946434e-11
3OAS121,7.348942288043503e-11
3OAS141,7.348942288043503e-11
3OAS80,7.348127661899184e-11
MNt2pp,7.102871431690687e-11
ZN2t3pp,7.052749750272527e-11
ZN2tpp,7.018272573343365e-11
NO3t7pp,6.986336634966975e-11
CA2t3pp,6.985992796470247e-11
NAt3pp,6.9777641158957e-11
G3PAT180,6.968442358261748e-11
LPLIPAL1A180pp,6.907047820669477e-11
LDH_D2,6.190021170382689e-11
MI2DH,-4.163969548232763e-11
GUI1,-8.929313212483177e-11
LEUTAi,-5.816700820912655e-11
CYTBO3_4pp,5.7060134395214845e-11
LYSt3pp,5.660027459524377e-11
GLCptspp,5.6410875970414054e-11
FUMt2_2pp,5.611811849968961e-11
HSDy,-3.4730323369479864e-11
GAM6Pt6_2pp,5.589441068047615e-11
G6Pt6_2pp,5.589441068047615e-11
CITt3pp,5.062033376344157e-11
G3PD7,4.932118858552247e-11
G3PD6,4.932118858552247e-11
L_LACD2,4.676633424951626e-11
L_LACD3,4.676633424951626e-11
NADPHQR2,4.6176287809058376e-11
NADPHQR3,4.6176287809058376e-11
NADPHQR4,4.6176287809058376e-11
UMPK,-1.0901599535437476e-11
AIRC3,7.502616739709363e-13
NTRIR2x,4.3804294155882966e-11
SDPTA,-2.6446444523678823e-11
ATPS4rpp,3.147386980024807e-11
F6Pt6_2pp,4.1192516447058163e-11
CYTBDpp,4.0745671082559795e-11
CYTBD2pp,4.0745671082559795e-11
HSTPT,3.963099878224757e-11
SUCCt2_2pp,3.89945853385143e-11
PTRCt2pp,3.869058533075248e-11
CO2tpp,3.767297585000051e-11
FUMt2_3pp,3.7586729025630225e-11
BALAt2pp,3.5236165491614953e-11
NAt3_2pp,3.4924846747139424e-11
Kt3pp,3.473136212255239e-11
Kt2pp,3.4688918404413016e-11
DUTPDP,3.4242869817609246e-11
ARAI,8.613358101853728e-11
AMAOTr,-5.1392895523844694e-11
DPCOAK,3.146480553320105e-11
DPR,3.146480553320105e-11
LDH,2.808746242007799e-11
POX,2.761782659337261e-11
NNATr,-6.6738755379904855e-12
G3PD5,2.745698793927375e-11
ARGt3pp,2.671809241213162e-11
SUCCt2_3pp,2.6709175854075617e-11
SUCCt3pp,2.607726778385517e-11
CITt7pp,2.522346426164232e-11
GLCS1,2.4582528637180033e-11
GLCP,2.4582528637180033e-11
GLGC,2.4582528637180033e-11
DAPDC,2.3635447220605063e-11
NAt3_1p5pp,2.3311361989424382e-11
GLCP2,2.3240424787628966e-11
GLBRAN2,2.3240424787628966e-11
PMANM,-2.6283096931412316e-11
NADH10,2.2010699392862666e-11
GHMT2r,-8.31093375591945e-12
ADNUC,2.094134841634911e-11
FA120ACPHi,2.0782961537267322e-11
FBA,-8.079195228473072e-12
ACCOAC,1.9967994190518577e-11
ACMANAptspp,1.830396202272895e-11
FA141ACPHi,1.756997700759605e-11
FA160ACPHi,1.756997700759605e-11
FA161ACPHi,1.756997700759605e-11
FA140ACPHi,1.7569977007596045e-11
PRMICI,-6.322430620372691e-12
GLUDy,1.5051515589448172e-11
ATPM,1.3062123109592363e-11
TRPS3,1.3013483843334582e-11
TRPS2,1.3013483843334582e-11
DAPabcpp,1.300270167503278e-11
ICHORS,-1.6769442506844463e-11
CYStpp,1.242920216548313e-11
CYSabcpp,1.242920216548313e-11
CYSabc2pp,1.242920216548313e-11
BTNC,1.2394973936125098e-11
HISabcpp,1.2107350043993311e-11
LYSabcpp,1.206540050960113e-11
METabcpp,1.2061385863605572e-11
ASPK,-6.9607858191856e-12
GLNabcpp,1.1812113399736221e-11
ACALD,-4.12185703723881e-12
Biotinabcpp,1.1393532955624538e-11
MACPD,1.1326962020952577e-11
G3PEabcpp,1.0793183273946067e-11
G3PSabcpp,1.0793183273946067e-11
G3PIabcpp,1.0793183273946067e-11
G3PGabcpp,1.0793183273946067e-11
TRPabcpp,1.0406339887127496e-11
GLYC3Pabcpp,1.0263595558494429e-11
GLUabcpp,1.026250692861544e-11
PRPPS,-4.126521148960599e-12
GLCabcpp,1.0024068380909412e-11
G1PTT,-1.0673599203910823e-11
PIuabcpp,9.56593195923601e-12
Kabcpp,9.52902224273623e-12
GAPD,-1.7838415257186175e-12
NTPP5,8.969506463910419e-12
GTHRDabcpp,8.892751334213006e-12
GTHRDabc2pp,8.867090713445653e-12
NTP1,8.656670846618893e-12
NTPP3,8.616382858234983e-12
ZNabcpp,8.439522681935212e-12
ZN2abcpp,8.427702359325029e-12
NTPP1,8.423742626373239e-12
ACPPAT140,8.403917296106612e-12
APH140,8.403917296106612e-12
DURIK1,8.394339268597387e-12
ADNK1,8.392338620155492e-12
NI2uabcpp,8.38794426610447e-12
COBALT2abcpp,8.380001785582452e-12
FE3abcpp,8.357573004082009e-12
NTP3,8.354075605011709e-12
NTP5,8.354075605011709e-12
NTPP6,8.35124449964072e-12
NTP10,8.348415312481316e-12
NTPP2,8.28555146832587e-12
SERabcpp,8.209419949326148e-12
SERt3pp,8.209419949326148e-12
SPMDabcpp,8.197493014517201e-12
SPMDt3pp,8.197493014517201e-12
THRt2pp,8.196636800181747e-12
THRabcpp,8.196636800181747e-12
PROabcpp,8.120810384538249e-12
NTPP4,8.107267281074121e-12
HEX1,8.092421529972106e-12
CYTDK2,8.087042541572248e-12
GLUN,7.889174660853697e-12
NTD9,7.838400653583126e-12
GSNK,7.838400653583125e-12
NTD1,7.838400653583123e-12
NTD7,7.836179486805615e-12
PPS,7.827572237136701e-12
ORNabcpp,7.775173539452199e-12
NTD4,7.589484808721152e-12
KARA1,-7.615224008260931e-12
NTPP8,7.442100858334253e-12
KARA2,-7.479309482643759e-12
PHETA1,5.430503273316808e-12
PDH,7.106315536020702e-12
CTBTabcpp,7.070727579616547e-12
CRNabcpp,7.039841447239754e-12
CRNDabcpp,7.039841447239754e-12
MALt3pp,6.905236833514806e-12
TREptsp,6.85565812073913e-12
MG2uabcpp,6.768587147289095e-12
XYLI1,-9.53236036509601e-12
FTHFD,6.536389485223282e-12
DTMPK,-1.681316545117459e-12
OAADC,6.235309327438871e-12
ALATRS,6.1720629637516595e-12
CGLYabcpp,6.05249986633915e-12
GARFT,1.724866939404683e-12
PSCVT,2.245217939010356e-11
ASNabcpp,5.704868007856853e-12
AIRC2,5.5960791556231015e-12
AICART,7.187755629986911e-13
ASPabcpp,5.163496334128969e-12
ADSS,5.1499221553896746e-12
ALAALAabcpp,5.103934181487789e-12
ALAabcpp,5.100667133502126e-12
URIDK2r,-3.4535056164068683e-14
ARGabcpp,4.705453007553394e-12
ARBabcpp,4.696481355674529e-12
ARBt3ipp,4.696481355674529e-12
NTPP7,4.4759937182443985e-12
FRUpts2pp,4.4313611095223974e-12
SUCptspp,4.367695500054955e-12
PYRC,-5.161690833914981e-12
NTPTP2,4.193361231772863e-12
NTD11,4.132228212927316e-12
PFK,4.125588759507082e-12
INSH,4.056213395944626e-12
MALTptspp,3.938347690258767e-12
GLUSy,3.7730330301346266e-12
PRAIS,3.5858746527672736e-12
PRFGS,3.5858746527672736e-12
PRASCSi,3.5858746527672736e-12
AMPN,3.4494078858538592e-12
NTD10,3.4334532261975082e-12
TYRTA,1.5789800063323497e-12
NTPP9,3.382667828924368e-12
ATPHs,3.359135460367731e-12
MM_COA_ADD5,-4.588704929905414e-12
XTSNH,3.3334741617294464e-12
GLUPRT,3.265658576889763e-12
ADPT,3.245380959908628e-12
GART,3.1725039262298083e-12
FFSD,3.0621956820681682e-12
ACMUMptspp,2.890103682220471e-12
IMPD,2.8669212817323103e-12
TRDR,2.7867708141116054e-12
RBFK,-3.355479661166572e-12
ASPCT,2.72044886617806e-12
PGCD,2.649103159058086e-12
PSP_L,2.649103159058086e-12
PSERT,2.649103159058086e-12
NTPP11,2.6394145208820693e-12
GTPHs,2.639414520882069e-12
GLUDC,2.5133565371424505e-12
SERD_L,2.4960709548766478e-12
SDPDS,2.4741342351209333e-12
THDPS,2.4733263836585557e-12
BETALDHx,2.4673618724917977e-12
GMPS2,2.3662113934896922e-12
ACLS,2.1754820167529942e-12
DHAD1,2.1754820167529942e-12
GUAPRT,2.1211676618373053e-12
ALAALAr,-2.8187658466562138e-12
HXPRT,1.947797617806946e-12
MCTP1App,1.8507375598651265e-12
SO3TRDRD,1.8422485759117535e-12
SULabcpp,1.8422485759117535e-12
DHDPS,1.831826357268085e-12
DHDPRy,1.831826357268085e-12
DAPDH,1.8267054535670013e-12
PRATPP,1.7227400062047593e-12
PRAMPC,1.7227400062047593e-12
IGPDH,1.7227400062047593e-12
IG3PS,1.7227400062047593e-12
HISTP,1.7227400062047593e-12
HISTD,1.7227400062047593e-12
ATPPRT,1.7227400062047593e-12
TYRRRpp,1.7053025658242404e-12
TMDS,1.6782755740685218e-12
PGAMT,-1.9411185282131924e-12
NTD5,1.6223137342857481e-12
RNDR4,1.5866049793422654e-12
OMPDC,1.4383494395531216e-12
OHPBAT,-1.7709651932568115e-12
THRS,1.3243017793485024e-12
HSK,1.3243017793485024e-12
FBP,1.3145057635776552e-12
GLUTRS,1.195953403985726e-12
CTPS2,1.1789805243189733e-12
NTD2,1.1306896675464602e-12
ASPTA,8.947872583332345e-13
CYSTRS,1.068521809759519e-12
KAS14,1.0371738156150815e-12
ACHBS,1.0070694278496717e-12
ACOTA,-1.2340592312324778e-12
EX_pyr_e,8.777635584503845e-13
HSST,8.612939158026964e-13
MTHFR2,8.107126081569049e-13
RNDR3,7.887475395040866e-13
DCTPD,7.864692522718741e-13
ICDHyr,7.166489623955385e-13
FEROpp,6.986875197700144e-13
FORt2pp,6.88198197391769e-13
EX_lac_D_e,6.787366804855068e-13
G3PT,6.751011805518675e-13
EX_lac_L_e,6.374399092246452e-13
DHAPT,6.372244255169615e-13
NADPPPS,6.144114111415067e-13
CYSTL,6.069589275625731e-13
METS,6.069589275625731e-13
NTPTP1,5.617469590444768e-13
NTD6,5.575675019504088e-13
RNDR1,5.573957094495707e-13
GLYTRS,5.336431151082994e-13
NTD8,5.213529620130557e-13
RNDR2,5.212401690823931e-13
CS,4.968947562936609e-13
PPND,4.816633203397203e-13
DHQTi,4.573563749943332e-13
DHQS,4.573563749943332e-13
DDPA,4.573563749943332e-13
EAR160x,4.244105067385817e-13
EAR140x,4.2398029531653947e-13
EAR100x,4.2311987247245497e-13
EAR120x,4.227729277772596e-13
EAR181x,4.1339154321917704e-13
EAR161x,4.1291969843371135e-13
EAR121x,4.1280867613124883e-13
EAR141x,4.1280867613124883e-13
VPAMT,4.011790899483003e-13
PPNDH,3.869682352330983e-13
GLYCL,3.8569530972795745e-13
FA80ACPHi,3.6834329733819646e-13
EAR80x,3.6759484345338933e-13
EAR40x,3.6759484345338933e-13
EAR60x,3.6759484345338933e-13
CHORS,3.436695372727172e-13
SHKK,3.436695372727172e-13
CHORM,3.436556594849094e-13
ASPT,3.155099674838813e-13
NTD3,2.93907073047889e-13
G6PDA,2.8489228845465884e-13
G1SAT,-4.2442984890673164e-13
PRAIi,2.495417067427397e-13
TMDS2,2.4702971470821064e-13
EX_succ_e,2.413823657758777e-13
EX_rib__D_e,2.400315241927359e-13
GTPDPDP,2.3324022839108534e-13
ANPRT,2.2167684354812422e-13
ANS,2.2167684354812422e-13
EX_mal__L_e,2.2054215287816499e-13
ALATA_L,2.379523292380445e-12
EX_xan_e,1.9640329365357988e-13
EX_ins_e,1.8807178037150152e-13
EX_xtsn_e,1.5888518754214362e-13
2METS,5.485090386377166e-13
EX_ser_L_e,1.3187977284855266e-13
DHFS,1.3130251308298713e-13
DHPS2,1.3130251308296977e-13
EX_skm_e,1.1119575900935077e-13
EX_malt_e,1.0248537590880148e-13
EX_val_L_e,9.982978323248437e-14
EX_pro_L_e,9.442795066205135e-14
EX_sucr_e,9.048995863080921e-14
EX_lys_L_e,8.814673500494569e-14
EX_biomass,7.971401316808624e-14
EX_uri_e,6.596164241566159e-14
MOHMT,6.166616696445804e-14
PNTK,6.147095636330202e-14
PPCDC,6.147095636330202e-14
PTPATi,6.147095636330202e-14
PPNCL2,6.145946382027367e-14
EX_thymd_e,6.069746241988756e-14
PROTEIN,5.1958437552457326e-14
EX_thr_L_e,5.0106391728461095e-14
EX_leu_L_e,4.2774667955176964e-14
EX_orn_e,3.7476258567788796e-14
G3PAT120,3.582583875982811e-14
FREENTCO,3.427813588530171e-14
AGDC,2.5507537656166655e-14
PHEMEabcpp,2.535314753916042e-14
PHEMEtiex,2.494182036625473e-14
GNK,1.9328169947982152e-14
EX_phe_L_e,1.4289005040955188e-14
EX_progly_e,1.3013459640735374e-14
MYCOLI,1.0193235144839718e-14
PEPTH,9.492406860545088e-15
ARATH,9.492406860545088e-15
EX_tyr_L_e,8.211691660619578e-15
ACPS1,7.615305765149041e-15
EX_pnto__R_e,6.748379976035309e-15
IONS,5.981326545168031e-15
EX_trp_L_e,5.632840863054839e-15
RNA,4.9960036108132044e-15
UPPDC1,4.4372069703544e-15
UPP3S,4.4372069703544e-15
PPTHTH,2.796374243274613e-15
MI1PP,2.7728497005272203e-15
EX_pheme_e,1.4704292036520594e-15
PY5PSH,-1.6545516559096165e-15
DNA,9.992007221626409e-16
CLt3_2pp,7.4593109467002705e-16
3HAD180,5.611830444784971e-16
FACOAL100t2pp,3.885780586188048e-16
CU2tpp,2.8362728832220796e-16
SOL_POOL,2.5760643618255585e-16
EX_pydx_e,5.741033963043169e-17
METAT,1.8241701552068612e-17
FMNAT,7.433453277145992e-26
EX_tre_e,3.5227839348380653e-29
FACOAL80t2pp,0.0
TDPGDH,0.0
FACOAL181t2pp,0.0
ADOCBIK,0.0
FACOAL180t2pp,0.0
BTNAMP,0.0
UREAAH,0.0
SPMS,0.0
SPMDAT2,0.0
FACOAL161t2pp,0.0
SPMDAT1,0.0
FACOAL160t2pp,0.0
ADOCBLS,0.0
FACOAL120t2pp,0.0
ORNC,0.0
CSND,0.0
AMMQLT8,0.0
VALTRS,0.0
SERTRS,0.0
UAGPT3,0.0
FACOAL60t2pp,0.0
UDCPDP,0.0
UDPGALM,0.0
UGMDDS,0.0
FACOAL141t2pp,0.0
THRTRS,0.0
PROTRS,0.0
METTRS,0.0
NTP11,0.0
FACOAL140t2pp,0.0
PGP180abcpp,0.0
BMOCOS,0.0
DRPA,0.0
RBFSb,0.0
GLYCDx,0.0
GLCRD,0.0
RZ5PP,0.0
SEPHCHCS,0.0
SUCBZL,0.0
TDPDSH,0.0
TMPK,0.0
TMPPP,0.0
FRUK,0.0
TYRL,0.0
UPP3MT,0.0
DHPTDNRN,0.0
PYDXNK,0.0
WCOS,0.0
AMPTASECG,0.0
MCPST,0.0
BETALDHy,0.0
AMALT4,0.0
AMALT3,0.0
AMALT2,0.0
AMALT1,0.0
ALDD19x,0.0
ACNML,0.0
DAAD,0.0
EX_3amp_e,0.0
RBFSa,0.0
PYDAMK,0.0
BTS4,0.0
MOCOS,0.0
BWCOS,0.0
CPMPS,0.0
DHPPDA2,0.0
GLUCYS,0.0
GLYOD,0.0
HETZK,0.0
HPPK2,0.0
LIPAMPL,0.0
LIPATPT,0.0
HDPA2,0.0
EX_glc_e,-4.165556788393587e-12
LIPOS,0.0
MPTAT,0.0
MPTS,0.0
HXCT,0.0
MPTSS,0.0
MSDHD,0.0
NADDP,0.0
HEX7,0.0
NNAM,0.0
NNDMBRT,0.0
NPHS,0.0
OCTDPS,0.0
OCTNLL,0.0
OMBZLM,0.0
AMPTASEPG,0.0
HDPA1,0.0
G3PAT181,0.0
MPTG,0.0
ASNTRS,0.0
METSOXR1,0.0
U23GAAT,0.0
CYANSTpp,0.0
MMM2,0.0
PFK_2,0.0
PGLYCP,0.0
MPTG2,0.0
G3PAT161,0.0
G3PAT160,0.0
G3PAT141,0.0
MAN2D,0.0
ARGTRS,0.0
PGP160abcpp,0.0
PGP141abcpp,0.0
PGP140abcpp,0.0
PGP120abcpp,0.0
PGP181abcpp,0.0
PA181abcpp,0.0
PA180abcpp,0.0
TREptspp,0.0
PA161abcpp,0.0
PA160abcpp,0.0
PA141abcpp,0.0
PA140abcpp,0.0
PA120abcpp,0.0
GLYBabcpp,0.0
FDH5pp,0.0
FDH4pp,0.0
UPPRT,0.0
NHFRBO,0.0
FMETTRS,0.0
ILETRS,0.0
LEUTRS,0.0
LYSTRS,0.0
PGP161abcpp,0.0
G3PAT140,0.0
MSDH,0.0
XYLK,0.0
GALKr,0.0
M1PD,0.0
SUCptsp,0.0
PPASUCC,0.0
EX_3gmp_e,0.0
NTP12,0.0
ACBIPGT,0.0
EX_3ump_e,0.0
MCTP1Bpp,0.0
DASYN120,0.0
EX_gam_e,0.0
DASYN140,0.0
DASYN141,0.0
EX_dmso_e,0.0
MDDCP5pp,0.0
DASYN160,0.0
PROGLYabcpp,0.0
DASYN161,0.0
ASPt2rpp,0.0
ASPt2pp,0.0
MDDCP4pp,0.0
DASYN180,0.0
DASYN181,0.0
EX_g3ps_e,0.0
EX_etha_e,0.0
EX_g3pi_e,0.0
ASCBptspp,0.0
EX_g3pe_e,0.0
MDDCP3pp,0.0
EX_dms_e,0.0
SBTptspp,0.0
PPTHpp,0.0
ACPPAT180,0.0
ACPPAT181,0.0
EX_dha_e,0.0
3NTD7pp,0.0
AGPAT120,0.0
AGPAT140,0.0
AGPAT141,0.0
AGPAT160,0.0
NTRIR4pp,0.0
AGPAT161,0.0
AGM4PApp,0.0
AGPAT180,0.0
NTRIR3pp,0.0
NO3R2bpp,0.0
AGPAT181,0.0
EX_dimp_e,0.0
CHTBSptspp,0.0
NO3R1bpp,0.0
PYDXtpp,0.0
EX_din_e,0.0
MCTP2App,0.0
SKMt2pp,0.0
SARCOX,0.0
ACGAptspp,0.0
AHCYSNS,0.0
ACHACB,0.0
GLYCK,0.0
OROTt2_2pp,0.0
NACtpp,0.0
FHL,0.0
THCDH,0.0
MI1PS,0.0
D52DGK,0.0
CD2tpp,0.0
EX_for_e,0.0
SFRD,0.0
MNLptspp,0.0
GLYCK2,0.0
PGSA141,0.0
ARBTptspp,0.0
GPDDA2,0.0
GPDDA3,0.0
GPDDA5,0.0
LGTHL,0.0
PGSA120,0.0
GLYOX,0.0
PGSA140,0.0
MAN6Pt6_2pp,0.0
EX_fruur_e,0.0
PGSA160,0.0
MANptspp,0.0
PGSA161,0.0
PGSA180,0.0
PGSA181,0.0
ADNCYC,0.0
3NTD9pp,0.0
ACPPAT161,0.0
EX_no2_e,0.0
EX_no3_e,0.0
RNTR3c,0.0
DMSOR1pp,0.0
EX_o2s_e,0.0
PHETRS,0.0
EX_orot_e,0.0
EX_ppa_e,0.0
DMSOR2pp,0.0
EX_ppt_e,0.0
G3PCabcpp,0.0
EX_sbt__D_e,0.0
EX_so3_e,0.0
FE3DHBZStonex,0.0
HISTRS,0.0
GLNTRS,0.0
ASPTRS,0.0
RNTR4c,0.0
GALTptspp,0.0
ACPPAT160,0.0
EX_no_e,0.0
EX_h2_e,0.0
EX_imp_e,0.0
EX_inost_e,0.0
GLYC2Pabcpp,0.0
CAT,0.0
EX_man_e,0.0
TYRTRS,0.0
TRPTRS,0.0
SERTRS2,0.0
CRNCAL2,0.0
CRNDCAL2,0.0
EX_man6p_e,0.0
CTBTCAL2,0.0
EX_mnl_e,0.0
EX_n2o_e,0.0
EX_nac_e,0.0
EX_nmn_e,0.0
RNTR2c,0.0
EX_udpglcur_e,0.0
RNDR4b,0.0
TMAOR1pp,0.0
EX_asp_L_e,0.0
EX_urea_e,0.0
EX_xmp_e,0.0
EX_xyl__D_e,0.0
TMAOR2pp,0.0
GP4GH,0.0
AP5AH,0.0
TREabcpp,0.0
EX_cmp_e,0.0
EX_cu_e,0.0
EX_cyan_e,0.0
ADPRDP,0.0
THMabcpp,0.0
5FTHFC,0.0
EX_glcur_e,0.0
EX_glcn_e,0.0
ACPPAT120,0.0
ACPPAT141,0.0
EX_ump_e,0.0
EX_ura_e,0.0
NTD12,0.0
EX_tmao_e,0.0
HYD1pp,0.0
EX_acmana_e,0.0
HYD2pp,0.0
XYLUt2pp,0.0
EX_glyc_R_e,0.0
HYD3pp,0.0
EX_tcynt_e,0.0
RNDR3b,0.0
EX_tma_e,0.0
SPODM,0.0
RNDR2b,0.0
FDMO,0.0
EX_udpgal_e,0.0
RNDR1b,0.0
NTPP10,0.0
DSERt2pp,0.0
EX_uacgam_e,0.0
EX_tsul_e,0.0
EX_udpg_e,0.0
UDCPDPS,-9.825582188149884e-19
DXPS,-2.656295322589486e-18
DXPRIi,-2.656295322589486e-18
MEPCT,-1.4582519219930035e-17
MECDPS,-1.4582519219930035e-17
MECDPDH2,-1.4582519219930035e-17
PIM,-3.0791341698588326e-17
AMPMS2,-4.203484888568278e-17
CDPMEK,-4.7813315806610746e-17
PIT,-5.0523821237824507e-17
ALATA_D2,-1.237520728183259e-16
ALATA_L2,-1.2375295639250336e-16
PYDXK,-1.3219567300329459e-16
ADCS,-1.5773835131927054e-16
ADCL,-1.5773835131927054e-16
DBTS,-1.851187495865769e-16
UAMAGS,-3.365363543395006e-16
UAMAS,-3.365363543395006e-16
UAAGDS,-3.365363543395006e-16
CPPPGO2,-4.084012110975488e-16
EX_g3pg_e,-5.359231607470879e-16
GPDDA4,-6.318901452846559e-16
CLPN,-8.529011915128781e-16
PNTOt4pp,-1.5192352942410687e-15
TMCM_FREE,-2.662800535624399e-15
2MAHMP,-4.66735862132833e-15
NO3R2pp,-4.909871982013459e-15
NO3R1pp,-4.909871982013459e-15
3OAS140,-5.009881398621019e-15
ASNS1,-6.175535345974684e-15
QULNS,-6.22071838485283e-15
NADS1,-6.234813013095142e-15
NNDPR,-6.234813013095142e-15
3OAS120,-6.453171330633722e-15
3HAD160,-6.7584826624056404e-15
3HAD140,-6.869504964868156e-15
GTHRDHpp,-7.665355200089268e-15
AACPS9,-7.975765186386542e-15
AACPS8,-7.975765186386542e-15
3HAD181,-8.631984016460592e-15
3HAD121,-8.784639682346551e-15
3HAD161,-8.826273045769994e-15
3HAD141,-9.006684287271582e-15
HMBS,-9.034542628165097e-15
PPPGO3,-9.11559635492492e-15
PPPGO,-9.129637474559446e-15
3OAS100,-1.584843367652411e-14
3OAS60,-1.584843367652411e-14
3HAD40,-1.6930901125533637e-14
3HAD80,-1.6930901125533637e-14
3HAD60,-1.6930901125533637e-14
3NTD4pp,-1.9789567362619314e-14
PPC,-2.027634263669925e-14
FA100ACPHi,-2.1484188769925862e-14
ASNS2,-2.4577562207639403e-14
ASPO5,-2.529964085451475e-14
UDPARA,-2.581268532253489e-14
GAMptspp,-2.6449850344155847e-14
PMPK,-2.8919998804713764e-14
ASNN,-3.103093278851236e-14
TRPS1,-3.3219954564955856e-14
EX_met_L_e,-3.4458547126803296e-14
CPPPGO,-3.465376786209729e-14
CG_biomass_cgl_ATCC13032,-3.5915714846623814e-14
PPBNGS,-3.650190268800183e-14
NI2tpp,-3.810233378809258e-14
COBALT2tpp,-3.822240917869535e-14
PROD2,-4.050004770146646e-14
NMNt7pp,-4.0740518240889627e-14
AGPSC,-4.216765825404423e-14
PA,-4.216765825404423e-14
IPMD,-4.2577052994374753e-14
IPPS,-4.2577052994374753e-14
OMCDC,-4.2577052994374753e-14
3NTD2pp,-4.3668205201588254e-14
GLUTRR,-4.406130612798972e-14
ASP1DC,-4.5044751349060386e-14
MALTabcpp,-4.65633055922383e-14
3OAR181,-5.0431880893597736e-14
3OAR161,-5.082045895221654e-14
3OAR141,-5.0834336740024355e-14
3OAR121,-5.0834336740024355e-14
DHAD2,-5.306866057708248e-14
FCLT,-6.60758934445256e-14
EX_fe2_e,-6.673481212082777e-14
HSST_2,-6.765421556309548e-14
RIBabcpp,-7.5122881778234e-14
IPPMIb,5.697366493187992e-12
IPPMIa,5.697366493187992e-12
3HAD100,-1.0308420783644578e-13
3HAD120,-1.0308420783644578e-13
UDPGD,-1.1368683772161603e-13
DB4PS,-1.2882672788840552e-13
SADT2,-1.3983258995153847e-13
EX_indole_e,-1.4655190921499723e-13
GTPCI,-1.5374438937904297e-13
PAPSR2,-1.6998019631136114e-13
ALDD2x,-1.7783099417214547e-13
CYSS,-1.8030021919912542e-13
G1PACT,-1.8558765635390273e-13
EX_gthrd_e,-2.086041105135883e-13
PANTS,-2.481998981340716e-13
LIPOCT,-2.603497579995275e-13
EX_dcyt_e,-2.767350396293746e-13
EX_dcmp_e,-2.769665289711353e-13
ARGSS,-2.8092805859358805e-13
CBPS,-2.823526681159083e-13
EX_cgly_e,-2.828409524789565e-13
SUCOAS,-3.2759234494332437e-13
EX_gly_e,-3.490718958555603e-13
ACGK,-3.6587399776522034e-13
EX_3cmp_e,-3.7739136039092824e-13
MN2tpp,-3.8806588151252264e-13
UAGDP,-4.0707714976662146e-13
EX_duri_e,-4.31883994556008e-13
EX_dump_e,-4.330165079615242e-13
EX_arg_L_e,-4.343471743512951e-13
FOMETRi,-4.4253133117304004e-13
BPNT,-4.471034229845308e-13
ADSK,-4.471034229845308e-13
EX_cytd_e,-4.715789508358036e-13
EX_dgsn_e,-4.844098007273653e-13
EX_dgmp_e,-4.851195439469392e-13
PAPSR,-5.097868563565683e-13
EX_dad_2_e,-5.210795192420869e-13
EX_damp_e,-5.219008755347935e-13
INPTH,-5.247026757217565e-13
ALAR,6.192373145887453e-12
AKGDH,-5.941358516281525e-13
EX_ile_L_e,-6.277367380203192e-13
EX_acgam1p_e,-6.523524683623604e-13
UAGCVT,-6.673481212082777e-13
KAS15,-6.921407891269382e-13
DMATT,-7.162104093930317e-13
GF6PTA,-8.417572194829859e-13
ILETA,5.934980282289857e-11
ACGS,-8.840639131725154e-13
ACODA,-8.840705945090122e-13
CITL,-8.852450758445565e-13
EX_cys_L_e,-8.93786555026636e-13
P5CR,-1.0206419043257142e-12
GDPTPDP,-1.0374240477309666e-12
G5SADs,-1.0864503741103704e-12
GLU5K,-1.0864503741103704e-12
G5SD,-1.0864503741103704e-12
ICL,-1.0885673292122841e-12
MALS,-1.0885673292122841e-12
EX_alaala_e,-1.1311496160991522e-12
UGLCURPpp,-1.1563176865854799e-12
P5CD,-1.2008666300828716e-12
EX_26dap__M_e,-1.2373540838264938e-12
SULRi,-1.238092961486359e-12
EX_gmp_e,-1.2387824537889647e-12
EX_gsn_e,-1.2421967885428729e-12
SSALy,-1.2509829479145198e-12
UDPGALPpp,-1.261623496032333e-12
EX_dtmp_e,-1.2755440599533586e-12
EX_gam6p_e,-1.3621145510571543e-12
ABTA,-1.4221005944986527e-12
EX_his_L_e,-1.4316036877818713e-12
EX_hom__L_e,-1.4555148656121848e-12
GTPDPK,-1.4559413426667496e-12
EX_gln_L_e,-1.4686601836419982e-12
EX_ala_B_e,-1.475878042466271e-12
EX_gua_e,-1.479814947426675e-12
EX_acser_e,-1.502270134272228e-12
EX_amp_e,-1.561625411852407e-12
EX_glcur1p_e,-1.5941572670697827e-12
GDPDPK,-1.6254548766178381e-12
EX_acgam_e,-1.7055634839055685e-12
EX_gal1p_e,-1.7393371111056208e-12
IGPS,-1.7578091759951064e-12
EX_h2s_e,-1.7703485093714545e-12
EX_fru_e,-1.7794345409257229e-12
EX_glu_L_e,-1.823795778040412e-12
AACPS7,-1.862942008285824e-12
AACPS2,-1.862942008285824e-12
AACPS3,-1.862942008285824e-12
AACPS4,-1.862942008285824e-12
EX_4abut_e,-1.882137569292636e-12
NADK,-1.8892420180355307e-12
EX_akg_e,-2.0369682429939585e-12
EX_asn_L_e,-2.095219586329654e-12
EX_cit_e,-2.151783804223166e-12
EX_adn_e,-2.1579129055388156e-12
UACGAMPpp,-2.27097518888847e-12
PPGPPDP,-2.3658126529486597e-12
XYLI2,-2.3769063406102364e-12
EX_g1p_e,-2.4789149796091154e-12
EX_f6p_e,-2.4882609379113688e-12
EX_g6p_e,-2.492502008377783e-12
PPA2,-2.5739751641224832e-12
EX_fe3_e,-2.6641640282765167e-12
VALTA,-2.8850575296884072e-12
EX_glyc3p_e,-3.0543538866080182e-12
EX_hxan_e,-3.2825797218872295e-12
EX_fum_e,-3.331056955391959e-12
EX_ade_e,-3.490013430353899e-12
ME1,-3.735203441980629e-12
EX_etoh_e,-3.793558366401001e-12
TRE6PP,-3.8137843577645825e-12
UDPGPpp,-3.832497688466024e-12
THRD_L,-3.916866830877552e-12
PPCK,-4.0313895944193125e-12
EX_acald_e,-4.231310407721703e-12
AACPS6,-4.611684715740305e-12
AACPS1,-4.623152318044157e-12
BIOTIN_t,-4.867246224986927e-12
PPA,-5.238690074096065e-12
ME2,-5.317842031514397e-12
EX_glyc_e,-5.8907700235849246e-12
DHORD5,-6.057820911564704e-12
EX_ala__D_e,-6.295211757048271e-12
EX_ala_L_e,-6.4933337984550556e-12
EX_ac_e,-6.849631972727366e-12
EX_glyald_e,-6.860079334675488e-12
RBK,-7.958078640513122e-12
DHNCOAT,-8.46810034668097e-12
DHNCOAS,-8.46810034668097e-12
EAR120y,-1.884185524736848e-11
EAR40y,-1.884185524736848e-11
EAR80y,-1.884185524736848e-11
EAR60y,-1.884185524736848e-11
EAR180y,-1.884185524736848e-11
EAR181y,-1.884185524736848e-11
EAR160y,-1.884185524736848e-11
EAR141y,-1.884185524736848e-11
EAR140y,-1.884185524736848e-11
EAR121y,-1.884185524736848e-11
EAR161y,-1.884185524736848e-11
EAR100y,-1.8842734739076056e-11
TRE6PS,-2.808157525957533e-11
TRE6p,-2.808157598026285e-11
MDH3,-3.971069213890714e-11
MDH2,-3.971069213890714e-11
EX_h_e,-8.839595722065496e-11
