,kcat,MW,kcat_MW
ALAR,275.128125,78346.44680000009,12642.069812411692
ALATA_L,52.82854166666666,46748.85590000004,4068.1797733578296
ASNN,270.275545,33298.22399999999,29220.536266438725
ASNS1,2.0377777777777784,72387.69100000027,101.34319659401726
ASPT,131.90357142857144,57567.95390000005,8248.562350638917
ASPTA,161.435,94590.00520000012,6144.05294482423
DAAD,255.1264642857143,44705.46800000002,20544.584645184143
2METS,18.301538461538463,85189.59560000009,773.3988874756253
ACNML,24.75333333333333,32724.746600000028,2723.076853404876
ADNUC_num1,14.496153846153849,47769.33190000007,1092.4614552993942
AGDC,131.68615625,40505.19610000008,11703.93451076266
ALCD19_num1,292.8888888888889,37284.043600000055,28280.194372479447
ALDD19x,31.249047619047623,55105.559600000066,2041.4740771196398
ALDD2x,2.22,51083.937600000136,156.44839406428176
AMALT1,1169.6714,78523.43850000044,53624.97007820125
AMALT2,1169.6714,78523.43850000044,53624.97007820125
AMALT3,1169.6714,78523.43850000044,53624.97007820125
AMALT4,1169.6714,78523.43850000044,53624.97007820125
ARAI_num1,111.08642857142857,7458.6584,53617.0342453467
BETALDHx,7398.8133918117555,52322.491300000125,509068.42447164323
BETALDHy,7398.8133918117555,52322.491300000125,509068.42447164323
DHACOAH,7398.8133918117555,36529.61010000005,729154.4623007701
DHAPT,7398.8133918117555,39240.35870000007,678784.0145437374
DHPTDNRN,7398.8133918117555,42009.95970000003,634033.6529892529
DRPA,107.5737,22519.556799999977,17196.844655486308
FFSD_num1,322071.52695652173,47782.839400000055,24265144.38243025
G3PT,7398.8133918117555,25277.483199999984,1053733.3958359563
G6PDA,224.3142857142857,27277.35800000001,29604.45907449791
GLCRD,21.762727272727275,69601.5585000003,1125.633101761907
GLYCDx,7398.8133918117555,27063.406599999995,984197.1708957852
GLYK,3285.0,56144.53370000014,210634.9313219066
GNK_num1,9.4,18469.66759999999,1832.1932334071905
GUI1,67.86666666666666,57453.80120000014,4252.460148798637
HCO3E,2907913.6363636362,22228.037300000015,470958769.3065946
HXCT,290.0,78908.38460000009,13230.533172009693
MALGT,105.02,69449.90270000021,5443.808922715724
MAN1PG,104.49166666666667,37033.46390000002,10157.569948513508
MAN6PI,22925.153333333332,42833.65220000009,1926768.97161713
MCITL2_num1,63.21666666666667,133657.83880000006,1702.7059695356977
MM_COA_ADD5,3.84,57996.13550000006,238.36070939588703
MMM2,134.3590909090909,145540.92390000087,3323.413884640899
MSDH_num1,1.8809090909090909,53643.12570000007,126.2281539137217
PFK_2,84.62,74926.25080000008,4065.757951951329
PGLYCP_num1,22.73944444444445,24766.549900000005,3305.3453278932484
PGMT,142.13625,59206.42900000016,8642.482052075773
PMANM_num1,24.803846153846155,62579.15660000018,1426.8943687529004
RBK_num1,16.708571428571428,61538.51900000003,977.4505158770088
TRE6PP,9.856923076923078,28104.447800000016,1262.6087987725225
TRE6PS,147.36857142857144,53397.9074000001,9935.349210760574
UDPG4E,4496.622911923077,70526.10140000013,229529.8075688478
UDPGPpp_num1,349.05,33450.035100000016,37565.87986360587
XYLI1,4.944916666666667,37328.38340000004,476.89448024689926
XYLI2,4.944916666666667,37328.38340000004,476.89448024689926
XYLK,765.177,49820.403100000076,55291.34709068613
GALKr,30.78983,46333.44050000015,2392.2978048651416
M1PD,67.8875,55368.50720000014,4413.971269212752
MAN2D,38.034214285714285,55368.50720000014,2472.943164856919
ICL,7.475,188911.3772000004,142.44774665694374
MALS,140.03,13854.526899999975,36385.796760768564
ME1_num1,90.28821428571429,37729.45650000009,8614.955039932014
ME2,177.70632352941178,40932.375500000046,15629.260625391302
PPA,816.96656,107429.12339999997,27376.93023007578
PPA2,816.96656,107429.12339999997,27376.93023007578
PPC,0.055,103196.3252000008,1.9186729722813665
PPCK,337.43333333333334,36048.41530000002,33698.01390409523
ABTA,23.7028325,46507.41600000007,1834.7653845141567
ACGK,38.25,31089.38160000002,4429.164972519104
ACGS,2.1999998,79428.0,99.712938510349
ACODA,1314.0,47771.77660000007,99020.8097054526
ACOTA,1.185,82411.52100000004,51.76460703837754
AMPTASEPG_num1,239.12731707317073,96093.53880000084,8958.545519435143
ARGSL,401.496,51040.99500000012,28318.131337369043
CBPS,3.3582539523809523,324339.39620000165,37.27488664718482
OCBT,1190.9444444444443,34328.29050000002,124894.07242693887
P5CD,6.331666666666668,126320.44770000072,180.44584558577262
P5CR,995.5918027272728,28241.8486,126908.49457418955
PROD2,14.677777777777774,126320.44770000072,418.3012407103723
SPMDAT1,1.9095,34481.182600000044,199.36091171072516
SPMDAT2_num1,1.9095,19208.73609999999,357.86841800590935
SPMS,89.61916666666669,110938.4514000002,2908.1801298697355
SSALy_num1,4.7780000000000005,51774.1473000001,332.2275864889033
UREAAH,3186.4445,90263.75640000011,127085.34031273695
3HAD100,9.280531818181819,17178.201499999996,1944.901772485004
3HAD120,9.280531818181819,17178.201499999996,1944.901772485004
3HAD121,9.280531818181819,17178.201499999996,1944.901772485004
3HAD140,9.280531818181819,17178.201499999996,1944.901772485004
3HAD141,9.280531818181819,17178.201499999996,1944.901772485004
3HAD160,9.280531818181819,17178.201499999996,1944.901772485004
3HAD161,9.280531818181819,17178.201499999996,1944.901772485004
3HAD180,9.280531818181819,17178.201499999996,1944.901772485004
3HAD181,9.280531818181819,17178.201499999996,1944.901772485004
3HAD40,7398.8133918117555,17178.201499999996,1550553.9512109184
3HAD60,9.280531818181819,17178.201499999996,1944.901772485004
3HAD80,9.280531818181819,17178.201499999996,1944.901772485004
3OAR100,117.26209523809523,49743.12779999993,8486.469619571115
3OAR120,117.26209523809523,49743.12779999993,8486.469619571115
3OAR140,117.26209523809523,49743.12779999993,8486.469619571115
3OAR160,117.26209523809523,49743.12779999993,8486.469619571115
3OAR180,117.26209523809523,49743.12779999993,8486.469619571115
3OAR40,117.26209523809523,49743.12779999993,8486.469619571115
3OAR60,117.26209523809523,49743.12779999993,8486.469619571115
3OAR80,117.26209523809523,49743.12779999993,8486.469619571115
3OAS100_num1,551.0,14750.437999999995,134477.36263831632
3OAS120_num1,0.17085714285714285,14750.437999999995,41.69948812948567
3OAS121_num1,7398.8133918117555,14750.437999999995,1805758.4602248643
3OAS140_num1,0.17085714285714285,14750.437999999995,41.69948812948567
3OAS141_num1,7398.8133918117555,14750.437999999995,1805758.4602248643
3OAS160_num1,7398.8133918117555,14750.437999999995,1805758.4602248643
3OAS161_num1,7398.8133918117555,14750.437999999995,1805758.4602248643
3OAS180_num1,7398.8133918117555,14750.437999999995,1805758.4602248643
3OAS181_num1,7398.8133918117555,14750.437999999995,1805758.4602248643
3OAS60_num1,551.0,14750.437999999995,134477.36263831632
3OAS80_num1,7398.8133918117555,14750.437999999995,1805758.4602248643
AACPS1_num1,7398.8133918117555,14750.437999999995,1805758.4602248643
AACPS2_num1,7398.8133918117555,14750.437999999995,1805758.4602248643
AACPS3_num1,7398.8133918117555,14750.437999999995,1805758.4602248643
AACPS4_num1,7398.8133918117555,14750.437999999995,1805758.4602248643
AACPS5_num1,7398.8133918117555,14750.437999999995,1805758.4602248643
AACPS6_num1,7398.8133918117555,14750.437999999995,1805758.4602248643
AACPS7_num1,7398.8133918117555,14750.437999999995,1805758.4602248643
AACPS8_num1,0.016,14750.437999999995,3.9049687880454815
AACPS9_num1,0.016,14750.437999999995,3.9049687880454815
ALAALAr,1.5493431307692307,38559.13410000003,144.6514658836497
EAR100x,15.538513333333333,27866.9134,2007.3499779850033
EAR100y,26.96333333333333,27866.9134,3483.2705942955267
EAR120x,15.538513333333333,27866.9134,2007.3499779850033
EAR120y,26.96333333333333,27866.9134,3483.2705942955267
EAR121x,15.538513333333333,27866.9134,2007.3499779850033
EAR121y,26.96333333333333,27866.9134,3483.2705942955267
EAR140x,15.538513333333333,27866.9134,2007.3499779850033
EAR140y,26.96333333333333,27866.9134,3483.2705942955267
EAR141x,15.538513333333333,27866.9134,2007.3499779850033
EAR141y,26.96333333333333,27866.9134,3483.2705942955267
EAR160x,15.538513333333333,27866.9134,2007.3499779850033
EAR160y,26.96333333333333,27866.9134,3483.2705942955267
EAR161x,15.538513333333333,27866.9134,2007.3499779850033
EAR161y,26.96333333333333,27866.9134,3483.2705942955267
EAR180x,15.538513333333333,27866.9134,2007.3499779850033
EAR180y,26.96333333333333,27866.9134,3483.2705942955267
EAR181x,15.538513333333333,27866.9134,2007.3499779850033
EAR181y,26.96333333333333,27866.9134,3483.2705942955267
EAR40x,15.538513333333333,27866.9134,2007.3499779850033
EAR40y,26.96333333333333,27866.9134,3483.2705942955267
EAR60x,15.538513333333333,27866.9134,2007.3499779850033
EAR60y,26.96333333333333,27866.9134,3483.2705942955267
EAR80x,15.538513333333333,27866.9134,2007.3499779850033
EAR80y,26.96333333333333,27866.9134,3483.2705942955267
FA100ACPHi_num1,3.2827931034482765,36468.071600000025,324.0658102802942
FA120ACPHi_num1,3.2827931034482765,36468.071600000025,324.0658102802942
FA140ACPHi_num1,3.2827931034482765,36468.071600000025,324.0658102802942
FA141ACPHi_num1,3.2827931034482765,36468.071600000025,324.0658102802942
FA160ACPHi_num1,3.2827931034482765,36468.071600000025,324.0658102802942
FA161ACPHi_num1,3.2827931034482765,36468.071600000025,324.0658102802942
FA80ACPHi_num1,3.2827931034482765,36468.071600000025,324.0658102802942
FACOAL100t2pp_num1,2.569,129746.41610000035,71.28058159904715
FACOAL120t2pp_num1,2.569,129746.41610000035,71.28058159904715
FACOAL140t2pp_num1,2.569,129746.41610000035,71.28058159904715
FACOAL141t2pp_num1,2.569,129746.41610000035,71.28058159904715
FACOAL160t2pp_num1,2.569,129746.41610000035,71.28058159904715
FACOAL161t2pp_num1,2.569,129746.41610000035,71.28058159904715
FACOAL180t2pp_num1,2.569,129746.41610000035,71.28058159904715
FACOAL181t2pp_num1,2.569,129746.41610000035,71.28058159904715
FACOAL60t2pp_num1,2.569,129746.41610000035,71.28058159904715
FACOAL80t2pp_num1,2.569,129746.41610000035,71.28058159904715
G1PACT,18.397,151370.02440000017,437.53180500907615
GF6PTA,12.19958375,134428.89140000028,326.7043344820733
GLUR,3855.699393939393,29230.0265,474871.8862154237
INPTH,2.0381400000000003,39222.89170000002,187.06688064001145
MI1PP_num1,108.48764705882351,28832.262900000016,13545.781361884176
PGAMT,1.5664,46353.25000000006,121.6536057342256
TDPGDH_num1,79.22800000000002,33536.0838,8504.892870049425
UAAGDS,3.7085714285714286,53861.698800000166,247.87293086376079
UAGCVT_num1,0.5996874999999999,46936.31080000005,45.9958391105591
UAGDP,18.397,151370.02440000017,437.53180500907615
UAGPT3,2.1988888888888893,36696.426000000036,215.7158302010117
UAMAGS,94.14696981818182,16415.40139999999,20647.018192650143
UAMAS,46.16935483870968,51180.32250000009,3247.5308732053136
UAMDH_num1,30.20769230769231,36370.71590000005,2989.97942758922
UDCPDP,82.04444444444445,31578.078000000016,9353.324163680887
UDPGALM,19.487721052631574,46180.797100000076,1519.1551509506876
UDPGD_num1,8.88748,42940.18960000002,745.1044883136702
UGMDDS,508.5,53265.3453000002,34367.56092896282
3OAR121,117.26209523809523,49743.12779999993,8486.469619571115
3OAR141,117.26209523809523,49743.12779999993,8486.469619571115
3OAR161,117.26209523809523,49743.12779999993,8486.469619571115
3OAR181,117.26209523809523,49743.12779999993,8486.469619571115
G1PTT,6.081253846153849,30834.505299999986,710.0004891647752
GALUi_num1,104.56153846153843,32988.408699999985,11410.721319865865
PAPPT3,204.052,39267.773800000046,18707.126198226168
ACONTa,202.78,101724.64050000074,7176.314375866433
ACONTb,202.78,101724.64050000074,7176.314375866433
AKGDH,502.85,2277980.928600012,794.6774168616672
CS_num1,103.70476667142857,85133.2134000001,4385.329122524846
FUM,374.33333333333326,200973.2628000004,6705.369566204791
ICDHyr,16.592,80080.2833000005,745.8914671446927
MDH,327.54545454545456,139630.61200000005,8444.879095449614
PYRC,60.0,123101.83720000072,1754.6448120759546
SUCOAS,75.5012,144046.54660000018,1886.920071431964
ACBIPGT,2.1918333333333333,18744.2308,420.96152593255516
ACPS1_num1,0.3851849019607843,14750.437999999995,94.00843873645135
ADCS,0.29811170000000003,67262.27480000028,15.955483563276625
ADOCBIK,0.221,18744.2308,42.445059948792355
ADOCBLS,7398.8133918117555,32435.794900000044,821183.1494384706
ALATA_D2,34.82536217391304,93080.48380000018,1346.912894173061
ALATA_L2,34.82536217391304,93080.48380000018,1346.912894173061
AMAOTr,58.97429411588235,91480.2828000001,2320.800202174017
AMPMS2,999.0,64819.461200000274,55483.336846989776
ASP1DC,2.744285714285714,56588.0,174.5852225105777
BMOCOS_num1,7398.8133918117555,42625.68860000004,624875.0245532056
BTS4,202.58011294,73711.69960000004,9893.794479594388
BWCOS_num1,7398.8133918117555,42625.68860000004,624875.0245532056
CPPPGO2,225.02,35703.507000000005,22688.863589786844
DBTS,17.365760416875,47709.91639999998,1310.351017524525
DHFR,55.85,16986.04969999999,11836.772148382452
DHNCOAT,7398.8133918117555,31830.71360000004,836793.3105502946
DHPPDA2_num1,6.166667,34365.279400000036,646.0008935646828
DHPS2_num1,77.02221538461538,29772.36410000001,9313.334152883586
DHPTPE,7398.8133918117555,14020.717199999981,1899740.7786330902
DMATT_num1,0.675,43023.41430000007,56.48087302080988
DMPPS,2.64,35602.006000000045,266.95124988181806
DPCOAK,7.0812333333333335,21662.302800000016,1176.8111744795654
DPR,16.84285714285714,31615.694099999964,1917.8540101792605
DXPRIi,4.420241000000001,40957.19590000012,388.5243423122128
DXPS,49.35031818181818,135758.98020000046,1308.6511492117475
FCLT,0.0799,73568.84670000002,3.909807111329909
FMNAT,0.045602915,37168.53070000005,4.416921812838831
G1SAT,0.51,92032.86340000023,19.94939559818145
GDPDPK,7398.8133918117555,23932.243,1112964.138402001
GDPTPDP,2.6358333333333333,21379.1156,443.8443655732888
GLUCYS,1451.5185,42438.33810000005,123130.80186332733
GLUTRR,199.912,65758.50510000017,10944.336385165148
GLYOD,29.495425,102438.33590000076,1036.5604738411141
GRTT_num1,7.893761928571428,43023.41430000007,660.5134298431798
GTHOr,233.7,50150.21280000008,16776.000599542793
GTHRDHpp,116.68910714285713,67920.03870000027,6184.9314834722545
GTPCI,7.210372500000001,214713.542,120.89289179533912
GTPDPDP_num1,3.89325,34762.86860000004,403.1801909466121
GTPDPK,15.121666666666664,84446.2371000004,644.6468412267448
HMBS,0.25,32008.99880000002,28.117093121950425
HPPK2,499.585,18044.162,99672.4591588127
ICHORS,10.242083333333332,40372.128000000055,913.2909714345489
IPDDI,2151.6445714285715,21120.492299999987,366749.0486073027
IPDPS,2.64,35602.006000000045,266.95124988181806
LIPAMPL,7398.8133918117555,29351.711000000025,907467.6502000956
LIPATPT,7398.8133918117555,29351.711000000025,907467.6502000956
LIPOCT,0.2,27322.6731,26.351740818507253
MECDPS,2.333333333333333,49744.73999999996,168.8620746635726
MEPCT,97.56153846153843,27524.35339999998,12760.391982960757
MOCOS_num1,7398.8133918117555,42625.68860000004,624875.0245532056
MOHMT,0.7809999999999999,283238.4249999999,9.926619243134123
MPTAT,7398.8133918117555,17069.38559999998,1560438.6024604398
MPTS,7398.8133918117555,16096.001299999978,1654804.0543785463
MPTSS,7398.8133918117555,37392.17940000002,712334.2003039893
NADDP_num1,109.25463121428572,26147.17059999999,15042.418102837815
NADK,7.912307692307693,31154.95240000001,914.2786458665132
NADPPPS_num1,7398.8133918117555,35171.90080000004,757301.3571823303
NADS1,0.31666666666666665,60851.45620000001,18.73414493571314
NNAM,15.64092857142857,20122.157600000006,2798.275611216903
NNDMBRT,37.924,37443.24290000005,3646.222640614278
NNDPR,400.852,29375.97480000001,49124.061748582375
NPHS,0.1363125,35539.20750000002,13.807989387495475
OCTDPS,7398.8133918117555,37822.20960000002,704235.117202732
OCTNLL,7398.8133918117555,29351.711000000025,907467.6502000956
OHPBAT,1.07125,40045.63320000005,96.30263506483887
OMBZLM,7398.8133918117555,25244.4262,1055113.2356703088
PANTS_num1,2.2272222222222218,59775.67479999997,134.13483037752346
PMPK,0.07556666666666667,80354.45890000054,3.3854997435618124
PNTK,0.3881818181818182,35315.15200000003,39.57096221629018
PPBNGS,254.4625,294344.4992000002,3112.2205527529
PPCDC,1.86666665,43855.283700000065,153.2312499896105
PPGPPDP,15.121666666666664,84446.2371000004,644.6468412267448
PPNCL2,1.81833333,43855.283700000065,149.26365618289205
PPPGO,1.44043108303,45699.001500000115,113.47188622727322
PPPGO3,1.44043108303,45699.001500000115,113.47188622727322
PTPATi,10.478768555555558,105448.85039999997,357.7427981139946
PY5PSH,0.016436000000000003,655015.6032000005,0.0903331152890618
PYDAMK,0.8423076923076923,56071.91830000001,54.07890053063678
PYDXK,0.8423076923076923,56071.91830000001,54.07890053063678
PYDXNK,0.8423076923076923,56071.91830000001,54.07890053063678
RBFSa,0.04652222222222222,16475.38749999999,10.16546651785884
RBFSb,0.5868883333333333,22561.06,93.64799348966758
RZ5PP,7398.8133918117555,28627.73200000001,930416.9890413362
SEPHCHCS,7398.8133918117555,114571.8832000002,232480.4957951697
SUCBZL,59.09333333333333,46379.32260000002,4586.871650428114
TDPDSH,123.199,49152.16180000012,9023.334554534262
TMPK,0.063,34848.84630000004,6.5081064103978585
TMPPP_num1,999.0,80354.45890000054,44756.6948895225
UDCPDPS,1.8239523957142856,56451.4984,116.31628585028713
UPP3MT_num1,38.0,63472.30490000018,2155.270715558962
UPP3S,286.086,63472.30490000018,16226.125735036874
UPPDC1,333.147,76825.3090000001,15611.121069490244
WCOS_num1,7398.8133918117555,42625.68860000004,624875.0245532056
RBFK,2.005416666666666,37168.53070000005,194.2368951377459
AMPTASECG_num1,239.12731707317073,96093.53880000084,8958.545519435143
BPNT,10.263636363636364,27281.362700000005,1354.3711622986814
CYSS,238.0,32517.357500000016,26349.004527812554
MCPST_num1,478.5468181818181,33493.814499999986,51435.42385877088
PAPSR,0.6108888888888889,25361.3372,86.71467054978474
PAPSR2,0.6108888888888889,25361.3372,86.71467054978474
SADT2,19.038583333333328,81218.04550000012,843.8875816089404
SERAT,1026.58444,19492.143799999994,189599.6675337477
SULRi,33949.0,113121.35840000008,1080400.7459655816
5FTHFC,74.12166664285714,20577.296399999992,12967.592764727138
FOMETRi,7398.8133918117555,20577.296399999992,1294423.1201588917
MTHFC,2231.975,60298.61300000001,133255.30389894705
MTHFD,94.9512,60298.61300000001,5668.858751361328
MTHFR2,103.74561421052631,36226.58690000002,10309.671518016909
TMDS2,0.42123998,112257.53920000006,13.508793608046588
GLNS_num1,127.194,53299.84780000005,8590.988884587388
GLUDy,1353.1333333333334,293925.99600000045,16573.151290775902
GLUN,434.370722225,178989.73720000038,8736.448382304216
GLUSy,23.6,219039.44200000016,387.87534895199343
ACPPAT120,7398.8133918117555,10366.238399999984,2569468.9995285426
ACPPAT140,7398.8133918117555,10366.238399999984,2569468.9995285426
ACPPAT141,7398.8133918117555,10366.238399999984,2569468.9995285426
ACPPAT160,7398.8133918117555,10366.238399999984,2569468.9995285426
ACPPAT161,7398.8133918117555,10366.238399999984,2569468.9995285426
ACPPAT180,7398.8133918117555,10366.238399999984,2569468.9995285426
ACPPAT181,7398.8133918117555,10366.238399999984,2569468.9995285426
APH140,870.6944445305555,10662.863699999996,293964.18152751983
DASYN120,5.806666666666668,30733.134600000016,680.177934079005
DASYN140,5.806666666666668,30733.134600000016,680.177934079005
DASYN141,5.806666666666668,30733.134600000016,680.177934079005
DASYN160,5.806666666666668,30733.134600000016,680.177934079005
DASYN161,5.806666666666668,30733.134600000016,680.177934079005
DASYN180,5.806666666666668,30733.134600000016,680.177934079005
DASYN181,5.806666666666668,30733.134600000016,680.177934079005
G3PAT120_num1,0.029745,51947.940100000065,2.061332938204413
G3PAT140_num1,0.029745,51947.940100000065,2.061332938204413
G3PAT141_num1,0.029745,51947.940100000065,2.061332938204413
G3PAT160_num1,0.029745,51947.940100000065,2.061332938204413
G3PAT161_num1,0.029745,51947.940100000065,2.061332938204413
G3PAT180_num1,0.029745,51947.940100000065,2.061332938204413
G3PAT181_num1,0.029745,51947.940100000065,2.061332938204413
GPDDA2,2.0446,57373.39000000003,128.29222745945458
GPDDA3,2.0446,57373.39000000003,128.29222745945458
GPDDA4,2.0446,57373.39000000003,128.29222745945458
GPDDA5,2.0446,57373.39000000003,128.29222745945458
LPLIPAL1A180pp_num1,1034.85,35813.96650000002,104022.54662297734
GHMT2r,34.82536217391304,93080.48380000018,1346.912894173061
GLYCK2,275.0,48197.86580000005,20540.32857197588
PGCD,274.0,55300.926400000106,17836.952546964894
PSERT,2.49,40045.63320000005,223.84463132924043
PSP_L,166.807695,36240.62690000005,16570.01419034501
SARCOX,20.029,30962.798400000014,2328.742998888627
SERD_L,317.218,46562.44430000005,24525.877392566326
ENO,66.2408972972973,44948.827400000046,5305.30481136133
FBA,64.5,37213.61340000002,6239.652073130847
FBP,3.2,141475.46840000013,81.42754450848659
GAPD_num1,6.45,39232.88790000007,591.850389886796
GLBRAN2,500.075,82591.99560000043,21797.148584698807
GLCP_num1,88.9607090909091,92099.65480000069,3477.304593841653
GLCP2_num1,88.9607090909091,92099.65480000069,3477.304593841653
GLCS1,303.75,44931.68110000008,24336.948300828168
GLGC,104.63045454545454,175439.8876000001,2147.001126804393
HEX1,129.54047571428572,34186.402600000045,13641.263107672756
PDH,486.0,2277980.928600012,768.0485723272753
PFK,84.62,74926.25080000008,4065.757951951329
PGI,1473.8477300000004,59165.712000000174,89677.81589444887
PGK,647.8,42696.706500000066,54619.66955226387
PGM_num1,148.6390909090909,23104.858,23159.663100839112
PPS,429.1593125,113444.81880000018,13618.722664837978
PYK_num1,2540.0,205881.3360000005,44413.93366516709
TPI,11085.090909090908,54404.93979999999,733505.5864307247
GLYCK,275.0,16319.490699999993,60663.65784319485
ATPPRT,1.91,30229.114400000013,227.4628329832911
HISTD,5.091545454545455,46770.7412000001,391.9023553204583
HISTP,0.5265,27892.8008,67.95301818525158
HSTPT_num1,2.85,36449.61920000005,281.48442220213883
IGPDH,1000.0,21913.59040000001,164281.61402523972
PRAMPC,4.2175,26080.98099999997,582.1483478708111
PRMICI,7.91625,26608.54120000001,1071.0282756876577
PRPPS,38.394,213301.1478000002,647.9965130314215
CA2t3pp,7398.8133918117555,36952.915900000036,720801.7976876973
CAt6pp_num1,7398.8133918117555,54060.679300000076,492700.5830376659
COBALT2abcpp,7398.8133918117555,42258.81100000005,630299.9914153357
COBALT2tpp,7398.8133918117555,27090.877999999997,983199.1495632707
CYANSTpp_num1,139.41538715384615,33493.814499999986,14984.718857681804
FDMO,7398.8133918117555,35549.08860000003,749266.1347869913
FE3abcpp_num1,7398.8133918117555,95643.75400000004,278488.9456610236
FEROpp,4.70149996,433585.0031999996,39.03594388893757
Kabcpp_num1,7398.8133918117555,36273.27870000002,734307.1584682063
Kt2pp,7398.8133918117555,68625.23880000012,388133.12239464704
Kt3pp,7398.8133918117555,68625.23880000012,388133.12239464704
MG2t3_2pp_num1,7398.8133918117555,47316.335600000086,562928.8040327932
MN2tpp,7398.8133918117555,27090.877999999997,983199.1495632707
NAt3_1p5pp_num1,7398.8133918117555,54060.679300000076,492700.5830376659
NAt3_2pp_num1,7398.8133918117555,54060.679300000076,492700.5830376659
NAt3pp,7398.8133918117555,34740.212400000084,766711.7259917002
NH4tpp_num1,7398.8133918117555,45405.226000000046,586622.5224938269
NO3t7pp,7398.8133918117555,48842.04090000008,545344.2919196744
PIt2rpp,7398.8133918117555,43961.3903000001,605889.1229043377
PIuabcpp,7398.8133918117555,135444.8304000001,196653.7086122875
PPTHpp,1193.8635483870967,50796.87810000012,84609.70309499273
SFRD,30.49533333333333,62992.50870000005,1742.797711436438
SULabcpp,7398.8133918117555,53556.69,497337.0873092104
ZN2abcpp_num1,7398.8133918117555,87040.0793000001,306016.81920253363
ZN2t3pp,7398.8133918117555,27090.877999999997,983199.1495632707
CD2tpp,7398.8133918117555,27090.877999999997,983199.1495632707
CU2tpp,7398.8133918117555,79314.24850000044,335825.2610881407
FE2tpp_num1,7398.8133918117555,27090.877999999997,983199.1495632707
MI1PS,2.0381400000000003,39222.89170000002,187.06688064001145
MI2DH_num1,58.0,145723.70760000026,1432.8485284847345
UAGAAT_num1,9.166666666666666,51947.940100000065,635.2513677438377
ACACT1r,250225.12,42589.73690000003,21150880.41316356
ACCOAC_num1,11.613,52238.239800000076,800.3102738542108
ACOAD1f,7398.8133918117555,43527.88540000009,611923.3214697415
ACOAD2f,7398.8133918117555,43527.88540000009,611923.3214697415
ACOAD3f,7398.8133918117555,43527.88540000009,611923.3214697415
ACOAD4f,7398.8133918117555,43527.88540000009,611923.3214697415
ACOAD5f,7398.8133918117555,43527.88540000009,611923.3214697415
ACOAD6f,7398.8133918117555,43527.88540000009,611923.3214697415
ACOAD7f,7398.8133918117555,43527.88540000009,611923.3214697415
ACOAD8f,7398.8133918117555,43527.88540000009,611923.3214697415
ACOATA_num1,17.168145925555557,51947.940100000065,1189.755074272905
KAS14_num1,0.17085714285714285,14750.437999999995,41.69948812948567
KAS15_num1,10.381983333333334,14750.437999999995,2533.832554667191
MCOATA_num1,92.33634818181818,51947.940100000065,6398.922706360497
AHCYSNS,2.1106876923076925,22192.09929999999,342.39553408575887
CYSTL,4207.556,35569.89750000005,425843.2737963322
HSST_num1,0.8935,82355.25740000003,39.05761576795216
METAT,0.976349785,176704.1516000003,19.891209086906333
METS,170.34306666666666,214717.15470000095,2856.0132554699762
SHSL1_num1,63.39652380952381,41657.64120000005,5478.646393312481
GLYOX,454.7897614285714,53555.401000000114,30571.01824600013
LGTHL,144.98947368421054,15924.73219999998,32776.821531928734
MCTP1App,7398.8133918117555,76166.84400000039,349702.40083102544
MCTP1Bpp,7398.8133918117555,76166.84400000039,349702.40083102544
MCTP2App,7398.8133918117555,76166.84400000039,349702.40083102544
MDDCP3pp,39.0661794871795,82828.45540000008,1697.9460195734382
MDDCP4pp,39.0661794871795,82828.45540000008,1697.9460195734382
MDDCP5pp,39.0661794871795,82828.45540000008,1697.9460195734382
MPTG_num1,7398.8133918117555,76166.84400000039,349702.40083102544
MPTG2_num1,7398.8133918117555,76166.84400000039,349702.40083102544
AGM4PApp,7398.8133918117555,42197.38030000007,631217.5784647531
NHFRBO_num1,7398.8133918117555,43817.96310000005,607872.3501988227
3NTD7pp,7398.8133918117555,72286.71450000032,368473.3549554559
3NTD9pp,7398.8133918117555,72286.71450000032,368473.3549554559
ADK1,32.576099995999996,19426.71540000001,6036.736399895987
ADK2,32.576099995999996,19426.71540000001,6036.736399895987
ADK3,7398.8133918117555,21799.99910000001,1221822.4454202985
ADK4,7398.8133918117555,21799.99910000001,1221822.4454202985
ADNCYC,389.699278126875,37721.78240000007,37191.17475362849
ADNK1,7398.8133918117555,19426.71540000001,1371087.580277328
ADPRDP,16.53705882352941,23723.930099999994,2509.42451414093
ADPT,6.095363636363636,39126.30839999997,560.8325954643118
AMPN,41.333333333333336,53144.60900000006,2799.907700892104
AP5AH,7398.8133918117555,36408.95670000002,731570.7623811781
CYTK1,91.23111111111106,24138.920399999995,13605.910892352918
CYTK2,91.23111111111106,24138.920399999995,13605.910892352918
DCTPD_num1,257.71,62064.73559999996,14948.19869981047
DGK1,287.37857142857143,20656.945400000004,50083.05134712013
DTMPK,2.9716764705882355,22377.86239999999,478.0633244986641
DUTPDP,16.87076923076923,15863.01489999998,3828.7027789887097
GK1,287.37857142857143,20656.945400000004,50083.05134712013
GP4GH,7398.8133918117555,55764.91419999999,477643.1308581181
GSNHYDRO_num1,14.496153846153849,35257.424200000016,1480.1465231868476
GUAPRT,4.297686666666666,22046.88130000001,701.7623848684661
HXPRT_num1,4.297686666666666,33956.41260000002,455.6332903081757
INSH,14.496153846153849,32751.82810000005,1593.3814041407284
NDPK1,194.85327777777772,59198.19599999994,11849.546901733302
NDPK2,194.85327777777772,59198.19599999994,11849.546901733302
NDPK3,194.85327777777772,59198.19599999994,11849.546901733302
NDPK4,194.85327777777772,59198.19599999994,11849.546901733302
NDPK5,194.85327777777772,59198.19599999994,11849.546901733302
NDPK6,194.85327777777772,59198.19599999994,11849.546901733302
NDPK7,194.85327777777772,59198.19599999994,11849.546901733302
NDPK8,194.85327777777772,59198.19599999994,11849.546901733302
NNATr,14.133333333333333,24580.468999999994,2069.93609438453
NTD1,82.55666666666667,72286.71450000032,4111.460896455582
NTD10,82.55666666666667,72286.71450000032,4111.460896455582
NTD11,82.55666666666667,72286.71450000032,4111.460896455582
NTD12,82.55666666666667,72286.71450000032,4111.460896455582
NTD2,82.55666666666667,72286.71450000032,4111.460896455582
NTD3,82.55666666666667,72286.71450000032,4111.460896455582
NTD4,82.55666666666667,72286.71450000032,4111.460896455582
NTD5,82.55666666666667,72286.71450000032,4111.460896455582
NTD6,82.55666666666667,72286.71450000032,4111.460896455582
NTD7,82.55666666666667,72286.71450000032,4111.460896455582
NTD8,82.55666666666667,72286.71450000032,4111.460896455582
NTD9,82.55666666666667,72286.71450000032,4111.460896455582
NTPTP1,4000.0,46150.351800000106,312023.6236205672
NTPTP2,4000.0,46150.351800000106,312023.6236205672
RNDR1,2.831166666666667,236830.72700000106,43.03580084015008
RNDR1b,7398.8133918117555,160721.06900000095,165726.42514294232
RNDR2,2.831166666666667,236830.72700000106,43.03580084015008
RNDR2b,7398.8133918117555,160721.06900000095,165726.42514294232
RNDR3,2.831166666666667,236830.72700000106,43.03580084015008
RNDR3b,7398.8133918117555,160721.06900000095,165726.42514294232
RNDR4,2.831166666666667,236830.72700000106,43.03580084015008
RNDR4b,7398.8133918117555,160721.06900000095,165726.42514294232
RNTR2c,7398.8133918117555,10917.149099999991,2439806.2137414925
RNTR3c,7398.8133918117555,10917.149099999991,2439806.2137414925
RNTR4c,7398.8133918117555,10917.149099999991,2439806.2137414925
TMDS,4.90649271875,60459.16260000003,292.1537948575555
UMPK,147.5,157097.34600000008,3380.0698326246693
UPPRT_num1,2.1397,22522.58699999999,342.0086688975828
URIDK2r,2.9716764705882355,22377.86239999999,478.0633244986641
XTSNH_num1,14.496153846153849,33530.99160000002,1556.3558175879834
ATPS4rpp,107.38777777777777,471164.1362000007,820.5123656438421
CAT,157615.0,57219.48790000005,9916446.66571718
CRNCAL2,7398.8133918117555,63714.44920000022,418048.4732264189
CRNDCAL2,7398.8133918117555,63714.44920000022,418048.4732264189
CTBTCAL2,7398.8133918117555,63714.44920000022,418048.4732264189
CYTBD2pp,34.209275043478264,142719.9730000003,862.9022803733399
CYTBDpp,34.209275043478264,142719.9730000003,862.9022803733399
CYTBO3_4pp,34.209275043478264,142719.9730000003,862.9022803733399
G3PD5,33.3,61514.93820000022,1948.7949351463308
LDH_D2,250.39548142857143,63722.110700000245,14146.168782554994
NADH10,13.935905714285711,50957.08140000013,984.5395221443832
NADH16pp,186.91903703703704,272596.6206000016,2468.513849702983
NADH17pp,186.91903703703704,272596.6206000016,2468.513849702983
NADH18pp,186.91903703703704,272596.6206000016,2468.513849702983
NADH5,186.91903703703704,21221.557499999995,31708.725117528887
NADPHQR2_num1,803.4542173913043,34660.560100000046,83450.33012345037
NADPHQR3_num1,803.4542173913043,34660.560100000046,83450.33012345037
NADPHQR4_num1,803.4542173913043,34660.560100000046,83450.33012345037
SPODM,50519.8,22101.3662,8228960.977082043
TRDR,14.073054999999998,84845.51910000009,597.1204907154603
L_LACD2,137.01683783783784,43980.84790000005,11215.350311975579
L_LACD3,137.01683783783784,43980.84790000005,11215.350311975579
G6PDH2r,1256.9841285714285,54242.362900000124,83424.51583828646
GND,325.0,105156.7394000002,11126.248366730908
PGL,14.3,24478.0099,2103.1121488352696
RPE,1332.4597777777776,23869.71479999999,200959.8874637581
RPI,2429.302,16987.623999999996,514815.209001565
TALA,154.62857142857143,38328.48000000005,14523.478550228352
TKT1,64521.70588235294,144810.49440000064,1604014.5580531184
TKT2,154.62857142857143,38328.48000000005,14523.478550228352
ADSL1r,123.31,52234.97390000013,8498.443989841811
ADSL2r,123.31,52234.97390000013,8498.443989841811
ADSS,84.1855,93536.97860000007,3240.0854136633366
AICART,5.363333333333333,55758.90380000018,346.2765349414911
AIRC2,12.6186,83462.06960000009,544.2826929371992
AIRC3,14.725,16933.613399999984,3130.460035186586
ASPCT,97.48194416666666,33893.596200000036,10354.020769268487
CTPS2,3.4370333333333334,242292.2772000004,51.06774406097321
DHORD2,151.8909090909091,39560.88880000002,13821.915768668789
DHORD5,7398.8133918117555,39560.88880000002,673284.3729871485
DHORTS,64.35333333333334,33893.596200000036,6835.273502196256
GARFT,6.3756,110167.48810000019,208.3387793971129
GMPS2,88.30191666666668,111971.10640000014,2839.008296161657
IMPD_num1,7.649166666666668,213441.4764000004,129.01428749674798
OMPDC,120.18148148148147,28919.30839999999,14960.70816594402
ORPT,262.62268,38889.66019999997,24310.87448791853
PRAGSr,203.34,43544.64990000001,16810.882661385225
PRFGS,499.525,121868.17340000035,14756.02653120585
ACALD,8.8213,38867.74190000004,817.0446351554058
ACKr,494.3846153846154,86182.93740000002,20651.241058588177
ALCD2x_num1,292.8888888888889,36811.41970000001,28643.28538787652
FHL,7398.8133918117555,97859.95690000003,272182.09627601324
LDH_D,1220.20846,63722.110700000245,68936.04759391598
PTAr,366.3721052631579,35237.6429,37429.84690236952
LDH,302.5948965517242,137619.5368000001,7915.603067094513
ASAD,171.09833333333333,72422.99160000002,8504.951071366677
ASPK,19.021941176470584,126584.0,540.9766497763867
DAPDC_num1,18.235,94821.20040000019,692.3135303399921
DAPDH,19275.717142857142,70397.94340000005,985718.8770415935
DAPE,71.69108333333334,58405.26679999999,4418.914836632509
DHDPS,213.0,125045.43360000006,6132.1711471117615
HSDy,32.798559999999995,46437.838000000076,2542.6424029473505
HSK,11.78181818181818,79057.4653000001,536.5027236023136
SDPDS,175.03814666666668,39973.75570000007,15763.775931617029
SDPTA,24.0,44323.21970000006,1949.3168723931824
THDPS_num1,7398.8133918117555,93509.48189999998,284845.2121572745
THRS,274.2119310886667,52930.62420000019,18650.12867010921
ABUTt2pp,7398.8133918117555,29894.043200000004,891004.5400122495
ABUTtex,7398.8133918117555,29894.043200000004,891004.5400122495
ACMANAptspp_num1,33.427110037999995,59665.890700000244,2016.8574494572906
ACMUMptspp_num1,33.427110037999995,59665.890700000244,2016.8574494572906
ACt2rpp,7398.8133918117555,57267.730100000095,465108.8521233754
ALAabcpp,7398.8133918117555,33754.665900000036,789097.6699171622
ARBabcpp,7398.8133918117555,77282.55130000012,344653.84181127936
ARBt3ipp,7398.8133918117555,33053.27929999996,805842.2272952006
ARBTptspp,7398.8133918117555,42352.59060000009,628904.344059706
ARGORNt7pp,7398.8133918117555,53629.27280000007,496663.9825577177
ASCBptspp,7398.8133918117555,42352.59060000009,628904.344059706
CHTBSptspp,7398.8133918117555,59665.890700000244,446414.65832541755
CITt7pp,7398.8133918117555,51144.3682000001,520794.9408303038
CTBTt2rpp,7398.8133918117555,54274.90940000008,490755.8299954026
CUt3,7398.8133918117555,77416.78010000044,344056.2650127859
DALAt2pp,7398.8133918117555,48690.28870000007,547043.9572588174
DSERt2pp,7398.8133918117555,48690.28870000007,547043.9572588174
FE3DHBZStonex,7398.8133918117555,58607.624800000114,454475.4765513423
FRUpts2pp,7398.8133918117555,59665.890700000244,446414.65832541755
FRUURt2rpp,7398.8133918117555,47232.638900000056,563926.3194020329
FUMt2_2pp,7398.8133918117555,47236.07810000005,563885.2606292539
G3PCabcpp,7398.8133918117555,156521.3224000001,170173.16108825762
G3PEabcpp,7398.8133918117555,156521.3224000001,170173.16108825762
G3PGabcpp,7398.8133918117555,156521.3224000001,170173.16108825762
G3PIabcpp,7398.8133918117555,156521.3224000001,170173.16108825762
G3PSabcpp,7398.8133918117555,156521.3224000001,170173.16108825762
GALTptspp,7398.8133918117555,59665.890700000244,446414.65832541755
GAMptspp,7398.8133918117555,59665.890700000244,446414.65832541755
GLCabcpp,7398.8133918117555,97941.801,271954.64999180805
GLUabcpp,7398.8133918117555,112539.53140000002,236678.8619000977
GLYBabcpp_num1,7398.8133918117555,192625.6767000006,138277.14283389846
GLYC2Pabcpp,7398.8133918117555,156521.3224000001,170173.16108825762
GLYC3Pabcpp,7398.8133918117555,156521.3224000001,170173.16108825762
GTHRDabc2pp,7398.8133918117555,180059.71440000032,147927.19348288758
ILEt2rpp,7398.8133918117555,44831.84830000004,594125.1414013705
LEUt2rpp_num1,7398.8133918117555,27333.03840000001,974488.3763278328
LYSabcpp,7398.8133918117555,25081.59459999999,1061963.1102131892
LYSt2pp,7398.8133918117555,53629.27280000007,496663.9825577177
MALTabcpp,7398.8133918117555,121309.6752000002,219568.04489508914
MALTptspp,7398.8133918117555,59665.890700000244,446414.65832541755
METabcpp,7398.8133918117555,94594.12540000008,281579.09487392224
MNt2pp,7398.8133918117555,20061.501899999992,1327703.595837076
NO3tex,7398.8133918117555,48842.04090000008,545344.2919196744
PA120abcpp_num1,7398.8133918117555,87329.29130000003,305003.3707364153
PA140abcpp_num1,7398.8133918117555,87329.29130000003,305003.3707364153
PA141abcpp_num1,7398.8133918117555,87329.29130000003,305003.3707364153
PA160abcpp_num1,7398.8133918117555,87329.29130000003,305003.3707364153
PA161abcpp_num1,7398.8133918117555,87329.29130000003,305003.3707364153
PA180abcpp_num1,7398.8133918117555,87329.29130000003,305003.3707364153
PA181abcpp_num1,7398.8133918117555,87329.29130000003,305003.3707364153
PGP120abcpp_num1,7398.8133918117555,87329.29130000003,305003.3707364153
PGP140abcpp_num1,7398.8133918117555,87329.29130000003,305003.3707364153
PGP141abcpp_num1,7398.8133918117555,87329.29130000003,305003.3707364153
PGP160abcpp_num1,7398.8133918117555,87329.29130000003,305003.3707364153
PGP161abcpp_num1,7398.8133918117555,87329.29130000003,305003.3707364153
PGP180abcpp_num1,7398.8133918117555,87329.29130000003,305003.3707364153
PGP181abcpp_num1,7398.8133918117555,87329.29130000003,305003.3707364153
PHEMEabcpp_num1,7398.8133918117555,87329.29130000003,305003.3707364153
PROabcpp,7398.8133918117555,66268.83220000006,401934.47396410117
PROt4pp,7398.8133918117555,56646.714500000126,470207.82132955396
PSERtex_num1,7398.8133918117555,41250.81990000006,645701.7890818282
RIBabcpp,7398.8133918117555,120919.5478,220276.44574537786
SPMDabcpp,7398.8133918117555,133143.22440000018,200053.20083357004
THMabcpp,7398.8133918117555,95618.53820000008,278562.3866661695
TREptsp_num1,7398.8133918117555,59665.890700000244,446414.65832541755
TREptspp_num1,7398.8133918117555,59665.890700000244,446414.65832541755
TRPt2rpp,7398.8133918117555,49267.626700000095,540633.4746488258
URAt2pp_num1,7398.8133918117555,50443.91170000012,528026.6203170414
URAt2rpp_num1,7398.8133918117555,50443.91170000012,528026.6203170414
UREAtpp,7398.8133918117555,175767.81819999998,151539.27768628538
VALt2rpp,7398.8133918117555,44831.84830000004,594125.1414013705
XANt2pp_num1,7398.8133918117555,50443.91170000012,528026.6203170414
XYLUt2pp,7398.8133918117555,49820.403100000076,534634.9397667213
ALATRS_num1,7398.8133918117555,96224.45300000068,276808.30994718283
ARGTRS_num1,7398.8133918117555,59722.312500000124,445992.9144659672
ASPTRS,7398.8133918117555,134018.70080000072,198746.35443803808
CYSTRS_num1,7398.8133918117555,51046.5241000001,521793.1814190317
FMETTRS_num1,12.649192307692307,33589.64190000002,1355.6885316985858
GLNTRS,101.5622667,116722.74150000015,3132.415803650393
GLUTRS_num1,1.2668428571428572,87941.30590000008,51.85997909674301
GLYTRS_num1,7398.8133918117555,106086.52780000016,251075.50188405995
ILETRS_num1,17.51276111111111,117402.43270000065,537.0071007055005
LEUTRS_num1,9.063725185185186,106777.27010000053,305.5838628961775
LYSTRS_num1,7398.8133918117555,117852.28380000018,226009.43614910482
METTRS_num1,6.187476190476192,67618.3354000002,329.42121621222617
PHETRS,20.840466666666668,254560.9390000012,294.72581415957006
PROTRS_num1,17.925,128661.62360000037,501.5481554983252
SERTRS_num1,1.803436206896552,92942.14300000011,69.85389119796363
SERTRS2,1.803436206896552,92942.14300000011,69.85389119796363
THRTRS_num1,30.483157894736838,155240.05940000064,706.9010978557521
TRPTRS,4.671538461538462,75652.13160000005,222.30092009117226
TYRTRS,5.905,92889.29820000018,228.85305855395043
VALTRS_num1,3.4234,101584.12620000068,121.32052970299524
ANPRT,1.1696190476190476,73265.38340000014,57.470914312154726
ANS,9.035235294117651,156517.12100000025,207.81654333408989
CHORM,1.05,11532.071499999993,327.78152650198217
CHORS,0.87,174931.89720000015,17.904110400284377
DDPA,122.0,90032.30260000011,4878.249109670105
DHQS,1568.34375,38857.68100000005,145300.42335773958
DHQTi,52.26,185368.90679999985,1014.9274937624016
IGPS,4.483666666666667,50476.53320000011,319.7763193451638
PHETA1_num1,2.85,36449.61920000005,281.48442220213883
PPND,39.026,36289.599300000016,3871.456359673829
PPNDH,1932.0,33739.434400000035,206144.534539085
PRAIi,4.483666666666667,50476.53320000011,319.7763193451638
PSCVT,5.67,45527.32590000005,448.3461217299384
SHK3Dr_num1,121.6825,28870.2389,15173.307069516492
SHKK,42.48888888888889,18381.7814,8321.28272399105
TRPS1,20.55881363636364,147740.78900000005,500.9566389340798
TRPS2,20.55881363636364,147740.78900000005,500.9566389340798
TRPS3,20.55881363636364,147740.78900000005,500.9566389340798
TYRTA_num1,2.85,36449.61920000005,281.48442220213883
INPSHE,4.483666666666667,50476.53320000011,319.7763193451638
ACHBS,64.40225,85593.68480000019,2708.705677781493
ACLS,64.40225,85593.68480000019,2708.705677781493
DHAD1,14.895461538461538,129346.78940000027,414.57280684897637
DHAD2,14.895461538461538,129346.78940000027,414.57280684897637
ILETA,18.805,41690.674299999984,1623.816384279494
IPMD,48.38842105263158,72288.42920000013,2409.7676172699757
IPPMIa,3.2,73902.9218000001,155.8801698148826
IPPMIb,3.2,73902.9218000001,155.8801698148826
IPPS,450.0,272747.6844000011,5939.555467038068
KARA1,2.097142857142857,36158.38140000001,208.79569254486282
KARA2,2.097142857142857,36158.38140000001,208.79569254486282
THRD_L_num1,190.85,32059.913400000016,21430.50080727915
VALTA,18.805,41690.674299999984,1623.816384279494
LEUTAi,18.805,41690.674299999984,1623.816384279494
ALAR_reverse,275.128125,78346.44680000009,12642.069812411692
ALATA_L_reverse,52.82854166666666,46748.85590000004,4068.1797733578296
ASPTA_reverse,161.435,94590.00520000012,6144.05294482423
2METS_reverse,18.301538461538463,85189.59560000009,773.3988874756253
ALCD19_reverse_num1,292.8888888888889,37284.043600000055,28280.194372479447
ARAI_reverse_num1,111.08642857142857,7458.6584,53617.0342453467
DHACOAH_reverse,7398.8133918117555,36529.61010000005,729154.4623007701
GUI1_reverse,67.86666666666666,57453.80120000014,4252.460148798637
HCO3E_reverse,2907913.6363636362,22228.037300000015,470958769.3065946
MALGT_reverse,105.02,69449.90270000021,5443.808922715724
MAN1PG_reverse,104.49166666666667,37033.46390000002,10157.569948513508
MAN6PI_reverse,22925.153333333332,42833.65220000009,1926768.97161713
MCITL2_reverse_num1,63.21666666666667,133657.83880000006,1702.7059695356977
MM_COA_ADD5_reverse,3.84,57996.13550000006,238.36070939588703
PGMT_reverse,142.13625,59206.42900000016,8642.482052075773
PMANM_reverse_num1,24.803846153846155,62579.15660000018,1426.8943687529004
UDPG4E_reverse,4496.622911923077,70526.10140000013,229529.8075688478
XYLI1_reverse,4.944916666666667,37328.38340000004,476.89448024689926
ACOTA_reverse,1.185,82411.52100000004,51.76460703837754
ARGSL_reverse,401.496,51040.99500000012,28318.131337369043
OCBT_reverse,1190.9444444444443,34328.29050000002,124894.07242693887
3OAR100_reverse,117.26209523809523,49743.12779999993,8486.469619571115
3OAR120_reverse,117.26209523809523,49743.12779999993,8486.469619571115
3OAR140_reverse,117.26209523809523,49743.12779999993,8486.469619571115
3OAR160_reverse,117.26209523809523,49743.12779999993,8486.469619571115
3OAR180_reverse,117.26209523809523,49743.12779999993,8486.469619571115
3OAR40_reverse,117.26209523809523,49743.12779999993,8486.469619571115
3OAR60_reverse,117.26209523809523,49743.12779999993,8486.469619571115
3OAR80_reverse,117.26209523809523,49743.12779999993,8486.469619571115
ALAALAr_reverse,1.5493431307692307,38559.13410000003,144.6514658836497
GLUR_reverse,3855.699393939393,29230.0265,474871.8862154237
PGAMT_reverse,1.5664,46353.25000000006,121.6536057342256
G1PTT_reverse,6.081253846153849,30834.505299999986,710.0004891647752
GALUi_reverse_num1,104.56153846153843,32988.408699999985,11410.721319865865
PAPPT3_reverse,204.052,39267.773800000046,18707.126198226168
ACONTa_reverse,202.78,101724.64050000074,7176.314375866433
ACONTb_reverse,202.78,101724.64050000074,7176.314375866433
FUM_reverse,374.33333333333326,200973.2628000004,6705.369566204791
MDH_reverse,327.54545454545456,139630.61200000005,8444.879095449614
PYRC_reverse,5.78695,123101.83720000072,169.23402992071578
AMAOTr_reverse,58.97429411588235,91480.2828000001,2320.800202174017
DHFR_reverse,55.85,16986.04969999999,11836.772148382452
DHPTPE_reverse,7398.8133918117555,14020.717199999981,1899740.7786330902
G1SAT_reverse,0.51,92032.86340000023,19.94939559818145
GTHOr_reverse,233.7,50150.21280000008,16776.000599542793
ICHORS_reverse,10.242083333333332,40372.128000000055,913.2909714345489
IPDDI_reverse,2151.6445714285715,21120.492299999987,366749.0486073027
OHPBAT_reverse,1.07125,40045.63320000005,96.30263506483887
PY5PSH_reverse,0.016436000000000003,655015.6032000005,0.0903331152890618
RBFK_reverse,2.005416666666666,37168.53070000005,194.2368951377459
SERAT_reverse,1026.58444,19492.143799999994,189599.6675337477
MTHFC_reverse,2231.975,60298.61300000001,133255.30389894705
MTHFD_reverse,94.9512,60298.61300000001,5668.858751361328
GHMT2r_reverse,34.82536217391304,93080.48380000018,1346.912894173061
ENO_reverse,66.2408972972973,44948.827400000046,5305.30481136133
FBA_reverse,7.543924240909091,37213.61340000002,729.7901167338057
GAPD_reverse_num1,6.45,39232.88790000007,591.850389886796
PGI_reverse,1473.8477300000004,59165.712000000174,89677.81589444887
PGK_reverse,647.8,42696.706500000066,54619.66955226387
PGM_reverse_num1,148.6390909090909,23104.858,23159.663100839112
TPI_reverse,11085.090909090908,54404.93979999999,733505.5864307247
PRMICI_reverse,7.91625,26608.54120000001,1071.0282756876577
PRPPS_reverse,38.394,213301.1478000002,647.9965130314215
CAt6pp_reverse_num1,7398.8133918117555,54060.679300000076,492700.5830376659
MG2t3_2pp_reverse_num1,7398.8133918117555,47316.335600000086,562928.8040327932
NH4tpp_reverse_num1,7398.8133918117555,45405.226000000046,586622.5224938269
PIt2rpp_reverse,7398.8133918117555,43961.3903000001,605889.1229043377
MI2DH_reverse_num1,58.0,145723.70760000026,1432.8485284847345
UAGAAT_reverse_num1,9.166666666666666,51947.940100000065,635.2513677438377
ACACT1r_reverse,250225.12,42589.73690000003,21150880.41316356
ACOAD1f_reverse,7398.8133918117555,43527.88540000009,611923.3214697415
ACOAD2f_reverse,7398.8133918117555,43527.88540000009,611923.3214697415
ACOAD3f_reverse,7398.8133918117555,43527.88540000009,611923.3214697415
ACOAD4f_reverse,7398.8133918117555,43527.88540000009,611923.3214697415
ACOAD5f_reverse,7398.8133918117555,43527.88540000009,611923.3214697415
ACOAD6f_reverse,7398.8133918117555,43527.88540000009,611923.3214697415
ACOAD7f_reverse,7398.8133918117555,43527.88540000009,611923.3214697415
ACOAD8f_reverse,7398.8133918117555,43527.88540000009,611923.3214697415
ACOATA_reverse_num1,17.168145925555557,51947.940100000065,1189.755074272905
MCOATA_reverse_num1,92.33634818181818,51947.940100000065,6398.922706360497
ADK1_reverse,32.576099995999996,19426.71540000001,6036.736399895987
ADK2_reverse,32.576099995999996,19426.71540000001,6036.736399895987
ADK3_reverse,7398.8133918117555,21799.99910000001,1221822.4454202985
ADK4_reverse,7398.8133918117555,21799.99910000001,1221822.4454202985
CYTK1_reverse,91.23111111111106,24138.920399999995,13605.910892352918
CYTK2_reverse,91.23111111111106,24138.920399999995,13605.910892352918
DGK1_reverse,287.37857142857143,20656.945400000004,50083.05134712013
DTMPK_reverse,2.9716764705882355,22377.86239999999,478.0633244986641
GK1_reverse,287.37857142857143,20656.945400000004,50083.05134712013
NDPK1_reverse,194.85327777777772,59198.19599999994,11849.546901733302
NDPK2_reverse,194.85327777777772,59198.19599999994,11849.546901733302
NDPK3_reverse,194.85327777777772,59198.19599999994,11849.546901733302
NDPK4_reverse,194.85327777777772,59198.19599999994,11849.546901733302
NDPK5_reverse,194.85327777777772,59198.19599999994,11849.546901733302
NDPK6_reverse,194.85327777777772,59198.19599999994,11849.546901733302
NDPK7_reverse,194.85327777777772,59198.19599999994,11849.546901733302
NDPK8_reverse,194.85327777777772,59198.19599999994,11849.546901733302
NNATr_reverse,14.133333333333333,24580.468999999994,2069.93609438453
UMPK_reverse,147.5,157097.34600000008,3380.0698326246693
URIDK2r_reverse,2.9716764705882355,22377.86239999999,478.0633244986641
ATPS4rpp_reverse,107.38777777777777,471164.1362000007,820.5123656438421
G6PDH2r_reverse,1256.9841285714285,54242.362900000124,83424.51583828646
RPE_reverse,1332.4597777777776,23869.71479999999,200959.8874637581
RPI_reverse,2429.302,16987.623999999996,514815.209001565
TALA_reverse,154.62857142857143,38328.48000000005,14523.478550228352
TKT1_reverse,64521.70588235294,144810.49440000064,1604014.5580531184
TKT2_reverse,154.62857142857143,38328.48000000005,14523.478550228352
ADSL1r_reverse,123.31,52234.97390000013,8498.443989841811
ADSL2r_reverse,123.31,52234.97390000013,8498.443989841811
AICART_reverse,5.363333333333333,55758.90380000018,346.2765349414911
AIRC3_reverse,14.725,16933.613399999984,3130.460035186586
DHORTS_reverse,64.35333333333334,33893.596200000036,6835.273502196256
GARFT_reverse,6.3756,110167.48810000019,208.3387793971129
ORPT_reverse,262.62268,38889.66019999997,24310.87448791853
PRAGSr_reverse,203.34,43544.64990000001,16810.882661385225
ACALD_reverse,8.8213,38867.74190000004,817.0446351554058
ACKr_reverse,494.3846153846154,86182.93740000002,20651.241058588177
ALCD2x_reverse_num1,292.8888888888889,36811.41970000001,28643.28538787652
LDH_D_reverse,1220.20846,63722.110700000245,68936.04759391598
PTAr_reverse,366.3721052631579,35237.6429,37429.84690236952
ASAD_reverse,171.09833333333333,72422.99160000002,8504.951071366677
ASPK_reverse,19.021941176470584,126584.0,540.9766497763867
DAPE_reverse,71.69108333333334,58405.26679999999,4418.914836632509
HSDy_reverse,32.798559999999995,46437.838000000076,2542.6424029473505
SDPTA_reverse,24.0,44323.21970000006,1949.3168723931824
ABUTtex_reverse,7398.8133918117555,29894.043200000004,891004.5400122495
ACt2rpp_reverse,7398.8133918117555,57267.730100000095,465108.8521233754
ARGORNt7pp_reverse,7398.8133918117555,53629.27280000007,496663.9825577177
CTBTt2rpp_reverse,7398.8133918117555,54274.90940000008,490755.8299954026
FRUURt2rpp_reverse,7398.8133918117555,47232.638900000056,563926.3194020329
ILEt2rpp_reverse,7398.8133918117555,44831.84830000004,594125.1414013705
LEUt2rpp_reverse_num1,7398.8133918117555,27333.03840000001,974488.3763278328
LYSt2pp_reverse,7398.8133918117555,53629.27280000007,496663.9825577177
NO3tex_reverse,7398.8133918117555,48842.04090000008,545344.2919196744
PSERtex_reverse_num1,7398.8133918117555,41250.81990000006,645701.7890818282
TRPt2rpp_reverse,7398.8133918117555,49267.626700000095,540633.4746488258
URAt2rpp_reverse_num1,7398.8133918117555,50443.91170000012,528026.6203170414
UREAtpp_reverse,7398.8133918117555,175767.81819999998,151539.27768628538
VALt2rpp_reverse,7398.8133918117555,44831.84830000004,594125.1414013705
PHETA1_reverse_num1,2.85,36449.61920000005,281.48442220213883
PSCVT_reverse,5.67,45527.32590000005,448.3461217299384
SHK3Dr_reverse_num1,121.6825,28870.2389,15173.307069516492
TYRTA_reverse_num1,2.85,36449.61920000005,281.48442220213883
ILETA_reverse,18.805,41690.674299999984,1623.816384279494
IPPMIa_reverse,3.2,73902.9218000001,155.8801698148826
IPPMIb_reverse,3.2,73902.9218000001,155.8801698148826
KARA1_reverse,2.097142857142857,36158.38140000001,208.79569254486282
KARA2_reverse,2.097142857142857,36158.38140000001,208.79569254486282
LEUTAi_reverse,18.805,41690.674299999984,1623.816384279494
ADNUC_num2,14.496153846153849,24571.651799999985,2123.8358035886654
ADNUC_num3,14.496153846153849,28829.106499999994,1810.1897762996523
ALCD19_num3,292.8888888888889,12076.66319999998,87308.88512316892
ARAI_num2,111.08642857142857,40744.815300000075,9815.019160416763
FFSD_num2,322071.52695652173,54595.53190000017,21237223.206602275
GNK_num2,9.4,53766.25510000012,629.3910546133596
MCITL2_num2,63.21666666666667,133097.44480000008,1709.8750493818634
MSDH_num2,1.8809090909090909,25097.80390000001,269.795427291259
PGLYCP_num2,22.73944444444445,25017.146199999992,3272.235743659683
PMANM_num2,24.803846153846155,48814.148000000096,1829.2615934594608
RBK_num2,16.708571428571428,60213.00160000005,998.9679229486724
UDPGPpp_num2,349.05,59543.220700000216,21103.66193207946
ME1_num2,90.28821428571429,40932.375500000046,7940.843096892117
AMPTASEPG_num2,239.12731707317073,52787.107000000135,16308.117462535169
SPMDAT2_num2,1.9095,16178.071199999995,424.9085020716192
SPMDAT2_num3,1.9095,17177.082099999992,400.1960263087992
SPMDAT2_num4,1.9095,16649.546399999985,412.87611294923965
SPMDAT2_num6,1.9095,9419.612999999992,729.7752041405528
SSALy_num2,4.7780000000000005,47697.597300000096,360.6219384975177
SSALy_num3,4.7780000000000005,55879.63930000006,307.81873711915637
3OAS100_num2,0.17085714285714285,72794.94800000028,8.449565954573
3OAS100_num3,0.17085714285714285,65266.35630000023,9.424238599416222
3OAS120_num2,0.17085714285714285,72794.94800000028,8.449565954573
3OAS120_num3,0.17085714285714285,65266.35630000023,9.424238599416222
3OAS121_num2,7398.8133918117555,72794.94800000028,365900.7794129095
3OAS121_num3,7398.8133918117555,65266.35630000023,408108.09305930615
3OAS140_num2,0.17085714285714285,72794.94800000028,8.449565954573
3OAS140_num3,0.17085714285714285,65266.35630000023,9.424238599416222
3OAS141_num2,7398.8133918117555,72794.94800000028,365900.7794129095
3OAS141_num3,7398.8133918117555,65266.35630000023,408108.09305930615
3OAS160_num2,7398.8133918117555,72794.94800000028,365900.7794129095
3OAS160_num3,7398.8133918117555,65266.35630000023,408108.09305930615
3OAS161_num2,7398.8133918117555,72794.94800000028,365900.7794129095
3OAS161_num3,7398.8133918117555,65266.35630000023,408108.09305930615
3OAS180_num2,7398.8133918117555,72794.94800000028,365900.7794129095
3OAS180_num3,7398.8133918117555,65266.35630000023,408108.09305930615
3OAS181_num2,7398.8133918117555,72794.94800000028,365900.7794129095
3OAS181_num3,7398.8133918117555,65266.35630000023,408108.09305930615
3OAS60_num2,0.17085714285714285,72794.94800000028,8.449565954573
3OAS60_num3,0.17085714285714285,65266.35630000023,9.424238599416222
3OAS80_num2,7398.8133918117555,72794.94800000028,365900.7794129095
3OAS80_num3,7398.8133918117555,65266.35630000023,408108.09305930615
AACPS1_num2,7398.8133918117555,72794.94800000028,365900.7794129095
AACPS1_num3,7398.8133918117555,65266.35630000023,408108.09305930615
AACPS2_num2,7398.8133918117555,72794.94800000028,365900.7794129095
AACPS2_num3,7398.8133918117555,65266.35630000023,408108.09305930615
AACPS3_num2,7398.8133918117555,72794.94800000028,365900.7794129095
AACPS3_num3,7398.8133918117555,65266.35630000023,408108.09305930615
AACPS4_num2,7398.8133918117555,72794.94800000028,365900.7794129095
AACPS4_num3,7398.8133918117555,65266.35630000023,408108.09305930615
AACPS5_num2,7398.8133918117555,72794.94800000028,365900.7794129095
AACPS5_num3,7398.8133918117555,65266.35630000023,408108.09305930615
AACPS6_num2,7398.8133918117555,72794.94800000028,365900.7794129095
AACPS6_num3,7398.8133918117555,65266.35630000023,408108.09305930615
AACPS7_num2,7398.8133918117555,72794.94800000028,365900.7794129095
AACPS7_num3,7398.8133918117555,65266.35630000023,408108.09305930615
AACPS8_num2,0.016,72794.94800000028,0.7912637014315853
AACPS8_num3,0.016,65266.35630000023,0.8825373939252651
AACPS9_num2,0.016,72794.94800000028,0.7912637014315853
AACPS9_num3,0.016,65266.35630000023,0.8825373939252651
FA100ACPHi_num2,3.2827931034482765,36257.034700000055,325.9520606193914
FA120ACPHi_num2,3.2827931034482765,36257.034700000055,325.9520606193914
FA140ACPHi_num2,3.2827931034482765,36257.034700000055,325.9520606193914
FA141ACPHi_num2,3.2827931034482765,36257.034700000055,325.9520606193914
FA160ACPHi_num2,3.2827931034482765,36257.034700000055,325.9520606193914
FA161ACPHi_num2,3.2827931034482765,36257.034700000055,325.9520606193914
FA80ACPHi_num2,3.2827931034482765,36257.034700000055,325.9520606193914
MI1PP_num2,108.48764705882351,29201.976699999985,13374.283988513862
TDPGDH_num2,79.22800000000002,41964.41010000003,6796.730832634768
TDPGDH_num3,79.22800000000002,65758.50510000017,4337.397870682423
UAGCVT_num2,0.5996874999999999,44196.989100000086,48.84665322145202
UAMDH_num2,30.20769230769231,38885.64590000006,2796.6024426430354
UDPGD_num2,8.88748,46982.94210000012,680.9903034999572
GALUi_num2,104.56153846153843,31965.24090000002,11775.964387039492
CS_num2,103.70476667142857,293573.0130000001,1271.7012241760206
ACPS1_num2,0.3851849019607843,72794.94800000028,19.048926953815783
ACPS1_num3,0.3851849019607843,65266.35630000023,21.246254972239328
BMOCOS_num2,7398.8133918117555,44180.44000000003,602885.0824148039
BMOCOS_num3,7398.8133918117555,42035.61430000005,633646.6982599155
BWCOS_num2,7398.8133918117555,44180.44000000003,602885.0824148039
BWCOS_num3,7398.8133918117555,42035.61430000005,633646.6982599155
DHPPDA2_num2,6.166667,25102.05110000001,884.3899293950524
DHPS2_num2,77.02221538461538,29019.544999999984,9554.938762293325
DMATT_num2,0.675,40156.58580000007,60.51311264614522
GRTT_num2,7.893761928571428,47595.6862,597.0613139906184
GTPDPDP_num2,3.89325,12130.043999999993,1155.4533520241155
MOCOS_num2,7398.8133918117555,44180.44000000003,602885.0824148039
MOCOS_num3,7398.8133918117555,42035.61430000005,633646.6982599155
NADDP_num2,109.25463121428572,74705.12960000036,5264.921893280894
NADPPPS_num2,7398.8133918117555,38713.49620000007,688021.7708294265
NADPPPS_num3,7398.8133918117555,14640.458699999983,1819323.3392695785
PANTS_num2,2.2272222222222218,28063.984400000016,285.7042637181624
TMPPP_num2,999.0,23130.145299999986,155485.4045815269
TMPPP_num3,999.0,19859.433499999992,181092.7789052997
UPP3MT_num2,38.0,26227.7399,5215.851633483677
WCOS_num2,7398.8133918117555,44180.44000000003,602885.0824148039
WCOS_num3,7398.8133918117555,42035.61430000005,633646.6982599155
AMPTASECG_num2,239.12731707317073,52787.107000000135,16308.117462535169
MCPST_num2,478.5468181818181,30498.728500000005,56486.56944680645
MCPST_num3,478.5468181818181,26224.522700000005,65693.03720652827
GLNS_num2,127.194,50381.070300000036,9088.699332376023
G3PAT120_num2,0.029745,36468.071600000025,2.9363219743157445
G3PAT120_num4,0.029745,39787.823900000025,2.6913258757033938
G3PAT120_num5,0.029745,32647.446300000014,3.2799502606119595
G3PAT140_num2,0.029745,36468.071600000025,2.9363219743157445
G3PAT140_num4,0.029745,39787.823900000025,2.6913258757033938
G3PAT140_num5,0.029745,32647.446300000014,3.2799502606119595
G3PAT141_num2,0.029745,36468.071600000025,2.9363219743157445
G3PAT141_num4,0.029745,39787.823900000025,2.6913258757033938
G3PAT141_num5,0.029745,32647.446300000014,3.2799502606119595
G3PAT160_num2,0.029745,36468.071600000025,2.9363219743157445
G3PAT160_num4,0.029745,39787.823900000025,2.6913258757033938
G3PAT160_num5,0.029745,32647.446300000014,3.2799502606119595
G3PAT161_num2,0.029745,36468.071600000025,2.9363219743157445
G3PAT161_num4,0.029745,39787.823900000025,2.6913258757033938
G3PAT161_num5,0.029745,32647.446300000014,3.2799502606119595
G3PAT180_num2,0.029745,36468.071600000025,2.9363219743157445
G3PAT180_num4,0.029745,39787.823900000025,2.6913258757033938
G3PAT180_num5,0.029745,32647.446300000014,3.2799502606119595
G3PAT181_num2,0.029745,36468.071600000025,2.9363219743157445
G3PAT181_num4,0.029745,39787.823900000025,2.6913258757033938
G3PAT181_num5,0.029745,32647.446300000014,3.2799502606119595
LPLIPAL1A180pp_num2,1034.85,33281.47760000002,111937.93871699966
GAPD_num2,6.45,144180.3724000001,161.04827316980894
GLCP_num2,88.9607090909091,94903.93900000057,3374.5549036407306
GLCP2_num2,88.9607090909091,94903.93900000057,3374.5549036407306
PGM_num2,148.6390909090909,40788.528300000085,13118.902533993272
PGM_num3,148.6390909090909,26261.725800000004,20375.687848843783
PGM_num5,148.6390909090909,27245.198199999995,19640.184789433002
PYK_num2,2540.0,58546.452100000126,156183.67419398215
HSTPT_num2,2.85,79835.55380000017,128.5141708380055
CAt6pp_num2,7398.8133918117555,59439.223900000114,448117.0254735151
CAt6pp_num3,7398.8133918117555,110211.51420000078,241678.27113042359
CAt6pp_num4,7398.8133918117555,102945.8825000007,258735.2457785005
CAt6pp_num5,7398.8133918117555,16516.11209999999,1612711.759841006
CAt6pp_num6,7398.8133918117555,17368.617099999967,1533554.9201854628
CAt6pp_num7,7398.8133918117555,13486.381899999978,1975009.1913474854
CAt6pp_num8,7398.8133918117555,10045.804699999991,2651428.0344831254
CAt6pp_num9,7398.8133918117555,13770.982899999983,1934192.236236264
CYANSTpp_num2,139.41538715384615,30498.728500000005,16456.272718183845
CYANSTpp_num3,139.41538715384615,26224.522700000005,19138.399561943068
CYANSTpp_num4,139.41538715384615,10985.42489999999,45687.3901849574
CYANSTpp_num5,139.41538715384615,20770.4874,24163.871751697374
FE3abcpp_num2,7398.8133918117555,102758.22180000007,259207.7572377989
Kabcpp_num2,7398.8133918117555,41981.05350000006,634470.2190601835
Kabcpp_num3,7398.8133918117555,53635.20540000008,496609.0464626482
Kabcpp_num4,7398.8133918117555,48463.67980000002,549601.8527780531
Kabcpp_num5,7398.8133918117555,37501.0385,710266.4159693156
MG2t3_2pp_num2,7398.8133918117555,96721.91680000008,275384.61903726764
NAt3_1p5pp_num2,7398.8133918117555,59439.223900000114,448117.0254735151
NAt3_1p5pp_num3,7398.8133918117555,110211.51420000078,241678.27113042359
NAt3_1p5pp_num4,7398.8133918117555,102945.8825000007,258735.2457785005
NAt3_1p5pp_num5,7398.8133918117555,16516.11209999999,1612711.759841006
NAt3_1p5pp_num6,7398.8133918117555,17368.617099999967,1533554.9201854628
NAt3_1p5pp_num7,7398.8133918117555,13486.381899999978,1975009.1913474854
NAt3_1p5pp_num8,7398.8133918117555,10045.804699999991,2651428.0344831254
NAt3_1p5pp_num9,7398.8133918117555,13770.982899999983,1934192.236236264
NAt3_2pp_num2,7398.8133918117555,59439.223900000114,448117.0254735151
NAt3_2pp_num3,7398.8133918117555,110211.51420000078,241678.27113042359
NAt3_2pp_num4,7398.8133918117555,102945.8825000007,258735.2457785005
NAt3_2pp_num5,7398.8133918117555,16516.11209999999,1612711.759841006
NAt3_2pp_num6,7398.8133918117555,17368.617099999967,1533554.9201854628
NAt3_2pp_num7,7398.8133918117555,13486.381899999978,1975009.1913474854
NAt3_2pp_num8,7398.8133918117555,10045.804699999991,2651428.0344831254
NAt3_2pp_num9,7398.8133918117555,13770.982899999983,1934192.236236264
NH4tpp_num2,7398.8133918117555,143096.64480000018,186138.0345272937
ZN2abcpp_num2,7398.8133918117555,78050.33990000006,341263.44926426513
FE2tpp_num2,7398.8133918117555,30792.109900000003,865017.9639207614
MI2DH_num2,58.0,35211.25800000003,5929.921617682612
MI2DH_num3,58.0,36224.43570000004,5764.064945806727
MI2DH_num4,58.0,38022.71920000005,5491.453646481962
UAGAAT_num2,9.166666666666666,36468.071600000025,904.9011519435533
UAGAAT_num4,9.166666666666666,39787.823900000025,829.3994686148186
UAGAAT_num5,9.166666666666666,32647.446300000014,1010.7988139948324
ACCOAC_num2,11.613,55812.93600000009,749.0521552207884
ACOATA_num2,17.168145925555557,36468.071600000025,1694.7790936112992
ACOATA_num4,17.168145925555557,39787.823900000025,1553.3728481189935
ACOATA_num5,17.168145925555557,32647.446300000014,1893.113622550012
KAS14_num2,0.17085714285714285,72794.94800000028,8.449565954573
KAS14_num3,0.17085714285714285,65266.35630000023,9.424238599416222
KAS15_num2,10.381983333333334,72794.94800000028,513.4304100333976
KAS15_num3,10.381983333333334,65266.35630000023,572.6555321734711
MCOATA_num2,92.33634818181818,36468.071600000025,9115.120127562359
MCOATA_num4,92.33634818181818,39787.823900000025,8354.587430818132
MCOATA_num5,92.33634818181818,32647.446300000014,10181.833225177716
HSST_num2,0.8935,38835.93250000002,82.82535767616751
SHSL1_num2,63.39652380952381,40601.44990000005,5621.165901129197
MPTG_num2,7398.8133918117555,28152.784200000016,946113.4650590724
MPTG_num3,7398.8133918117555,38570.10639999998,690579.5886143143
MPTG_num4,7398.8133918117555,23104.664300000026,1152829.0506485435
MPTG2_num2,7398.8133918117555,28152.784200000016,946113.4650590724
MPTG2_num3,7398.8133918117555,38570.10639999998,690579.5886143143
MPTG2_num4,7398.8133918117555,23104.664300000026,1152829.0506485435
NHFRBO_num2,7398.8133918117555,34001.685400000046,783364.9390368832
DCTPD_num2,257.71,29819.83539999997,31112.04295916404
GSNHYDRO_num2,14.496153846153849,28756.028800000015,1814.7900118306256
HXPRT_num2,4.297686666666666,17774.197499999995,870.4568518494298
UPPRT_num2,2.1397,20951.408099999982,367.6564345095262
XTSNH_num2,14.496153846153849,55954.80010000014,932.6483832108928
XTSNH_num3,14.496153846153849,29078.515199999994,1794.6636369574285
NADPHQR2_num2,803.4542173913043,35840.132800000036,80703.80762117861
NADPHQR2_num3,803.4542173913043,36234.82500000005,79824.73166653053
NADPHQR2_num4,803.4542173913043,33175.92590000003,87184.7613636216
NADPHQR3_num2,803.4542173913043,35840.132800000036,80703.80762117861
NADPHQR3_num3,803.4542173913043,36234.82500000005,79824.73166653053
NADPHQR3_num4,803.4542173913043,33175.92590000003,87184.7613636216
NADPHQR4_num2,803.4542173913043,35840.132800000036,80703.80762117861
NADPHQR4_num3,803.4542173913043,36234.82500000005,79824.73166653053
NADPHQR4_num4,803.4542173913043,33175.92590000003,87184.7613636216
IMPD_num2,7.649166666666668,39770.42970000007,692.3988553234053
IMPD_num3,7.649166666666668,50818.083500000146,541.8740358439517
ALCD2x_num2,292.8888888888889,35528.24010000003,29677.799886293815
DAPDC_num2,18.235,47030.92710000002,1395.8049319423255
THDPS_num2,7398.8133918117555,34948.319300000025,762146.1845383306
ACMANAptspp_num2,33.427110037999995,9132.906999999994,13176.26426468594
ACMUMptspp_num2,33.427110037999995,9132.906999999994,13176.26426468594
GLYBabcpp_num2,7398.8133918117555,67401.7152000002,395178.789315472
LEUt2rpp_num2,7398.8133918117555,11479.888099999986,2320208.0001565837
LEUt2rpp_num3,7398.8133918117555,44831.84830000004,594125.1414013705
PA120abcpp_num2,7398.8133918117555,124789.74090000006,213444.85546986427
PA140abcpp_num2,7398.8133918117555,124789.74090000006,213444.85546986427
PA141abcpp_num2,7398.8133918117555,124789.74090000006,213444.85546986427
PA160abcpp_num2,7398.8133918117555,124789.74090000006,213444.85546986427
PA161abcpp_num2,7398.8133918117555,124789.74090000006,213444.85546986427
PA180abcpp_num2,7398.8133918117555,124789.74090000006,213444.85546986427
PA181abcpp_num2,7398.8133918117555,124789.74090000006,213444.85546986427
PGP120abcpp_num2,7398.8133918117555,124789.74090000006,213444.85546986427
PGP140abcpp_num2,7398.8133918117555,124789.74090000006,213444.85546986427
PGP141abcpp_num2,7398.8133918117555,124789.74090000006,213444.85546986427
PGP160abcpp_num2,7398.8133918117555,124789.74090000006,213444.85546986427
PGP161abcpp_num2,7398.8133918117555,124789.74090000006,213444.85546986427
PGP180abcpp_num2,7398.8133918117555,124789.74090000006,213444.85546986427
PGP181abcpp_num2,7398.8133918117555,124789.74090000006,213444.85546986427
PHEMEabcpp_num2,7398.8133918117555,124789.74090000006,213444.85546986427
PSERtex_num2,7398.8133918117555,47593.63490000011,559648.9586577521
PSERtex_num3,7398.8133918117555,41773.55320000008,637621.8006401779
PSERtex_num4,7398.8133918117555,28237.185099999977,943285.5334621277
TREptsp_num2,7398.8133918117555,70672.65460000037,376888.74659198354
TREptsp_num3,7398.8133918117555,37186.54230000005,716273.322634847
TREptspp_num2,7398.8133918117555,70672.65460000037,376888.74659198354
TREptspp_num3,7398.8133918117555,37186.54230000005,716273.322634847
URAt2pp_num2,7398.8133918117555,66934.41170000029,397937.73537449655
URAt2rpp_num2,7398.8133918117555,66934.41170000029,397937.73537449655
XANt2pp_num2,7398.8133918117555,66934.41170000029,397937.73537449655
CYSTRS_num2,7398.8133918117555,17903.293699999987,1487755.7535975818
FMETTRS_num2,12.649192307692307,67618.3354000002,673.4429654074593
PHETA1_num2,2.85,79835.55380000017,128.5141708380055
SHK3Dr_num2,121.6825,29304.723,14948.341262260012
TYRTA_num2,2.85,79835.55380000017,128.5141708380055
THRD_L_num2,190.85,186284.7,3688.225603068851
ALCD19_reverse_num3,292.8888888888889,12076.66319999998,87308.88512316892
ARAI_reverse_num2,111.08642857142857,40744.815300000075,9815.019160416763
MCITL2_reverse_num2,63.21666666666667,133097.44480000008,1709.8750493818634
PMANM_reverse_num2,24.803846153846155,48814.148000000096,1829.2615934594608
GALUi_reverse_num2,104.56153846153843,31965.24090000002,11775.964387039492
GAPD_reverse_num2,6.45,144180.3724000001,161.04827316980894
PGM_reverse_num2,148.6390909090909,40788.528300000085,13118.902533993272
PGM_reverse_num3,148.6390909090909,26261.725800000004,20375.687848843783
PGM_reverse_num5,148.6390909090909,27245.198199999995,19640.184789433002
CAt6pp_reverse_num2,7398.8133918117555,59439.223900000114,448117.0254735151
CAt6pp_reverse_num3,7398.8133918117555,110211.51420000078,241678.27113042359
CAt6pp_reverse_num4,7398.8133918117555,102945.8825000007,258735.2457785005
CAt6pp_reverse_num5,7398.8133918117555,16516.11209999999,1612711.759841006
CAt6pp_reverse_num6,7398.8133918117555,17368.617099999967,1533554.9201854628
CAt6pp_reverse_num7,7398.8133918117555,13486.381899999978,1975009.1913474854
CAt6pp_reverse_num8,7398.8133918117555,10045.804699999991,2651428.0344831254
CAt6pp_reverse_num9,7398.8133918117555,13770.982899999983,1934192.236236264
MG2t3_2pp_reverse_num2,7398.8133918117555,96721.91680000008,275384.61903726764
NH4tpp_reverse_num2,7398.8133918117555,143096.64480000018,186138.0345272937
MI2DH_reverse_num2,58.0,35211.25800000003,5929.921617682612
MI2DH_reverse_num3,58.0,36224.43570000004,5764.064945806727
MI2DH_reverse_num4,58.0,38022.71920000005,5491.453646481962
UAGAAT_reverse_num2,9.166666666666666,36468.071600000025,904.9011519435533
UAGAAT_reverse_num4,9.166666666666666,39787.823900000025,829.3994686148186
UAGAAT_reverse_num5,9.166666666666666,32647.446300000014,1010.7988139948324
ACOATA_reverse_num2,17.168145925555557,36468.071600000025,1694.7790936112992
ACOATA_reverse_num4,17.168145925555557,39787.823900000025,1553.3728481189935
ACOATA_reverse_num5,17.168145925555557,32647.446300000014,1893.113622550012
MCOATA_reverse_num2,92.33634818181818,36468.071600000025,9115.120127562359
MCOATA_reverse_num4,92.33634818181818,39787.823900000025,8354.587430818132
MCOATA_reverse_num5,92.33634818181818,32647.446300000014,10181.833225177716
ALCD2x_reverse_num2,292.8888888888889,35528.24010000003,29677.799886293815
LEUt2rpp_reverse_num2,7398.8133918117555,11479.888099999986,2320208.0001565837
LEUt2rpp_reverse_num3,7398.8133918117555,44831.84830000004,594125.1414013705
PSERtex_reverse_num2,7398.8133918117555,47593.63490000011,559648.9586577521
PSERtex_reverse_num3,7398.8133918117555,41773.55320000008,637621.8006401779
PSERtex_reverse_num4,7398.8133918117555,28237.185099999977,943285.5334621277
URAt2rpp_reverse_num2,7398.8133918117555,66934.41170000029,397937.73537449655
PHETA1_reverse_num2,2.85,79835.55380000017,128.5141708380055
SHK3Dr_reverse_num2,121.6825,29304.723,14948.341262260012
TYRTA_reverse_num2,2.85,79835.55380000017,128.5141708380055
